candidate,seed,module,x,y,rotation,status,legal,source_result,source_layout,formal_legal,formal_W,formal_H,formal_area,formal_module_area,formal_dead_space_ratio,formal_aspect_ratio,formal_rho,formal_deadspace,formal_HPWL,formal_square_side,audit_legal,audit_W,audit_H,audit_area,audit_module_area,audit_dead_space_ratio,audit_aspect_ratio,audit_rho,audit_deadspace,audit_HPWL,audit_square_side
Q3-BIN,1110,b0,345.0,390.0,90,timeout,True,outputs/q3/_runtime/v2_n100/n100/v2_n100_q3_bin/result.json,outputs/q3/_runtime/v2_n100/n100/v2_n100_q3_bin/layout.json,True,437.3565514828834,437.3565514828834,191280.75312500002,179501.0,0.0656250000000001,1.0,0.061583577712610055,11779.753125000017,248215.5,437.3565514828834,True,437.3565514828834,437.3565514828834,191280.75312500002,179501.0,0.0656250000000001,1.0,0.061583577712610055,11779.753125000017,248215.5,437.3565514828834
Q3-BIN,1110,b1,298.0,241.0,0,timeout,True,outputs/q3/_runtime/v2_n100/n100/v2_n100_q3_bin/result.json,outputs/q3/_runtime/v2_n100/n100/v2_n100_q3_bin/layout.json,True,437.3565514828834,437.3565514828834,191280.75312500002,179501.0,0.0656250000000001,1.0,0.061583577712610055,11779.753125000017,248215.5,437.3565514828834,True,437.3565514828834,437.3565514828834,191280.75312500002,179501.0,0.0656250000000001,1.0,0.061583577712610055,11779.753125000017,248215.5,437.3565514828834
Q3-BIN,1110,b10,0.0,396.0,90,timeout,True,outputs/q3/_runtime/v2_n100/n100/v2_n100_q3_bin/result.json,outputs/q3/_runtime/v2_n100/n100/v2_n100_q3_bin/layout.json,True,437.3565514828834,437.3565514828834,191280.75312500002,179501.0,0.0656250000000001,1.0,0.061583577712610055,11779.753125000017,248215.5,437.3565514828834,True,437.3565514828834,437.3565514828834,191280.75312500002,179501.0,0.0656250000000001,1.0,0.061583577712610055,11779.753125000017,248215.5,437.3565514828834
Q3-BIN,1110,b11,50.0,111.0,90,timeout,True,outputs/q3/_runtime/v2_n100/n100/v2_n100_q3_bin/result.json,outputs/q3/_runtime/v2_n100/n100/v2_n100_q3_bin/layout.json,True,437.3565514828834,437.3565514828834,191280.75312500002,179501.0,0.0656250000000001,1.0,0.061583577712610055,11779.753125000017,248215.5,437.3565514828834,True,437.3565514828834,437.3565514828834,191280.75312500002,179501.0,0.0656250000000001,1.0,0.061583577712610055,11779.753125000017,248215.5,437.3565514828834
Q3-BIN,1110,b12,57.0,312.0,0,timeout,True,outputs/q3/_runtime/v2_n100/n100/v2_n100_q3_bin/result.json,outputs/q3/_runtime/v2_n100/n100/v2_n100_q3_bin/layout.json,True,437.3565514828834,437.3565514828834,191280.75312500002,179501.0,0.0656250000000001,1.0,0.061583577712610055,11779.753125000017,248215.5,437.3565514828834,True,437.3565514828834,437.3565514828834,191280.75312500002,179501.0,0.0656250000000001,1.0,0.061583577712610055,11779.753125000017,248215.5,437.3565514828834
Q3-BIN,1110,b13,358.0,61.0,90,timeout,True,outputs/q3/_runtime/v2_n100/n100/v2_n100_q3_bin/result.json,outputs/q3/_runtime/v2_n100/n100/v2_n100_q3_bin/layout.json,True,437.3565514828834,437.3565514828834,191280.75312500002,179501.0,0.0656250000000001,1.0,0.061583577712610055,11779.753125000017,248215.5,437.3565514828834,True,437.3565514828834,437.3565514828834,191280.75312500002,179501.0,0.0656250000000001,1.0,0.061583577712610055,11779.753125000017,248215.5,437.3565514828834
Q3-BIN,1110,b14,319.0,158.0,0,timeout,True,outputs/q3/_runtime/v2_n100/n100/v2_n100_q3_bin/result.json,outputs/q3/_runtime/v2_n100/n100/v2_n100_q3_bin/layout.json,True,437.3565514828834,437.3565514828834,191280.75312500002,179501.0,0.0656250000000001,1.0,0.061583577712610055,11779.753125000017,248215.5,437.3565514828834,True,437.3565514828834,437.3565514828834,191280.75312500002,179501.0,0.0656250000000001,1.0,0.061583577712610055,11779.753125000017,248215.5,437.3565514828834
Q3-BIN,1110,b15,313.0,0.0,90,timeout,True,outputs/q3/_runtime/v2_n100/n100/v2_n100_q3_bin/result.json,outputs/q3/_runtime/v2_n100/n100/v2_n100_q3_bin/layout.json,True,437.3565514828834,437.3565514828834,191280.75312500002,179501.0,0.0656250000000001,1.0,0.061583577712610055,11779.753125000017,248215.5,437.3565514828834,True,437.3565514828834,437.3565514828834,191280.75312500002,179501.0,0.0656250000000001,1.0,0.061583577712610055,11779.753125000017,248215.5,437.3565514828834
Q3-BIN,1110,b16,380.0,331.0,90,timeout,True,outputs/q3/_runtime/v2_n100/n100/v2_n100_q3_bin/result.json,outputs/q3/_runtime/v2_n100/n100/v2_n100_q3_bin/layout.json,True,437.3565514828834,437.3565514828834,191280.75312500002,179501.0,0.0656250000000001,1.0,0.061583577712610055,11779.753125000017,248215.5,437.3565514828834,True,437.3565514828834,437.3565514828834,191280.75312500002,179501.0,0.0656250000000001,1.0,0.061583577712610055,11779.753125000017,248215.5,437.3565514828834
Q3-BIN,1110,b17,219.0,111.0,90,timeout,True,outputs/q3/_runtime/v2_n100/n100/v2_n100_q3_bin/result.json,outputs/q3/_runtime/v2_n100/n100/v2_n100_q3_bin/layout.json,True,437.3565514828834,437.3565514828834,191280.75312500002,179501.0,0.0656250000000001,1.0,0.061583577712610055,11779.753125000017,248215.5,437.3565514828834,True,437.3565514828834,437.3565514828834,191280.75312500002,179501.0,0.0656250000000001,1.0,0.061583577712610055,11779.753125000017,248215.5,437.3565514828834
Q3-BIN,1110,b18,0.0,53.0,90,timeout,True,outputs/q3/_runtime/v2_n100/n100/v2_n100_q3_bin/result.json,outputs/q3/_runtime/v2_n100/n100/v2_n100_q3_bin/layout.json,True,437.3565514828834,437.3565514828834,191280.75312500002,179501.0,0.0656250000000001,1.0,0.061583577712610055,11779.753125000017,248215.5,437.3565514828834,True,437.3565514828834,437.3565514828834,191280.75312500002,179501.0,0.0656250000000001,1.0,0.061583577712610055,11779.753125000017,248215.5,437.3565514828834
Q3-BIN,1110,b19,297.0,313.0,90,timeout,True,outputs/q3/_runtime/v2_n100/n100/v2_n100_q3_bin/result.json,outputs/q3/_runtime/v2_n100/n100/v2_n100_q3_bin/layout.json,True,437.3565514828834,437.3565514828834,191280.75312500002,179501.0,0.0656250000000001,1.0,0.061583577712610055,11779.753125000017,248215.5,437.3565514828834,True,437.3565514828834,437.3565514828834,191280.75312500002,179501.0,0.0656250000000001,1.0,0.061583577712610055,11779.753125000017,248215.5,437.3565514828834
Q3-BIN,1110,b2,49.0,274.0,0,timeout,True,outputs/q3/_runtime/v2_n100/n100/v2_n100_q3_bin/result.json,outputs/q3/_runtime/v2_n100/n100/v2_n100_q3_bin/layout.json,True,437.3565514828834,437.3565514828834,191280.75312500002,179501.0,0.0656250000000001,1.0,0.061583577712610055,11779.753125000017,248215.5,437.3565514828834,True,437.3565514828834,437.3565514828834,191280.75312500002,179501.0,0.0656250000000001,1.0,0.061583577712610055,11779.753125000017,248215.5,437.3565514828834
Q3-BIN,1110,b20,415.0,112.0,90,timeout,True,outputs/q3/_runtime/v2_n100/n100/v2_n100_q3_bin/result.json,outputs/q3/_runtime/v2_n100/n100/v2_n100_q3_bin/layout.json,True,437.3565514828834,437.3565514828834,191280.75312500002,179501.0,0.0656250000000001,1.0,0.061583577712610055,11779.753125000017,248215.5,437.3565514828834,True,437.3565514828834,437.3565514828834,191280.75312500002,179501.0,0.0656250000000001,1.0,0.061583577712610055,11779.753125000017,248215.5,437.3565514828834
Q3-BIN,1110,b21,165.0,61.0,0,timeout,True,outputs/q3/_runtime/v2_n100/n100/v2_n100_q3_bin/result.json,outputs/q3/_runtime/v2_n100/n100/v2_n100_q3_bin/layout.json,True,437.3565514828834,437.3565514828834,191280.75312500002,179501.0,0.0656250000000001,1.0,0.061583577712610055,11779.753125000017,248215.5,437.3565514828834,True,437.3565514828834,437.3565514828834,191280.75312500002,179501.0,0.0656250000000001,1.0,0.061583577712610055,11779.753125000017,248215.5,437.3565514828834
Q3-BIN,1110,b22,0.0,274.0,0,timeout,True,outputs/q3/_runtime/v2_n100/n100/v2_n100_q3_bin/result.json,outputs/q3/_runtime/v2_n100/n100/v2_n100_q3_bin/layout.json,True,437.3565514828834,437.3565514828834,191280.75312500002,179501.0,0.0656250000000001,1.0,0.061583577712610055,11779.753125000017,248215.5,437.3565514828834,True,437.3565514828834,437.3565514828834,191280.75312500002,179501.0,0.0656250000000001,1.0,0.061583577712610055,11779.753125000017,248215.5,437.3565514828834
Q3-BIN,1110,b23,227.0,345.0,90,timeout,True,outputs/q3/_runtime/v2_n100/n100/v2_n100_q3_bin/result.json,outputs/q3/_runtime/v2_n100/n100/v2_n100_q3_bin/layout.json,True,437.3565514828834,437.3565514828834,191280.75312500002,179501.0,0.0656250000000001,1.0,0.061583577712610055,11779.753125000017,248215.5,437.3565514828834,True,437.3565514828834,437.3565514828834,191280.75312500002,179501.0,0.0656250000000001,1.0,0.061583577712610055,11779.753125000017,248215.5,437.3565514828834
Q3-BIN,1110,b24,338.0,278.0,0,timeout,True,outputs/q3/_runtime/v2_n100/n100/v2_n100_q3_bin/result.json,outputs/q3/_runtime/v2_n100/n100/v2_n100_q3_bin/layout.json,True,437.3565514828834,437.3565514828834,191280.75312500002,179501.0,0.0656250000000001,1.0,0.061583577712610055,11779.753125000017,248215.5,437.3565514828834,True,437.3565514828834,437.3565514828834,191280.75312500002,179501.0,0.0656250000000001,1.0,0.061583577712610055,11779.753125000017,248215.5,437.3565514828834
Q3-BIN,1110,b25,178.0,200.0,0,timeout,True,outputs/q3/_runtime/v2_n100/n100/v2_n100_q3_bin/result.json,outputs/q3/_runtime/v2_n100/n100/v2_n100_q3_bin/layout.json,True,437.3565514828834,437.3565514828834,191280.75312500002,179501.0,0.0656250000000001,1.0,0.061583577712610055,11779.753125000017,248215.5,437.3565514828834,True,437.3565514828834,437.3565514828834,191280.75312500002,179501.0,0.0656250000000001,1.0,0.061583577712610055,11779.753125000017,248215.5,437.3565514828834
Q3-BIN,1110,b26,382.0,158.0,0,timeout,True,outputs/q3/_runtime/v2_n100/n100/v2_n100_q3_bin/result.json,outputs/q3/_runtime/v2_n100/n100/v2_n100_q3_bin/layout.json,True,437.3565514828834,437.3565514828834,191280.75312500002,179501.0,0.0656250000000001,1.0,0.061583577712610055,11779.753125000017,248215.5,437.3565514828834,True,437.3565514828834,437.3565514828834,191280.75312500002,179501.0,0.0656250000000001,1.0,0.061583577712610055,11779.753125000017,248215.5,437.3565514828834
Q3-BIN,1110,b27,347.0,306.0,90,timeout,True,outputs/q3/_runtime/v2_n100/n100/v2_n100_q3_bin/result.json,outputs/q3/_runtime/v2_n100/n100/v2_n100_q3_bin/layout.json,True,437.3565514828834,437.3565514828834,191280.75312500002,179501.0,0.0656250000000001,1.0,0.061583577712610055,11779.753125000017,248215.5,437.3565514828834,True,437.3565514828834,437.3565514828834,191280.75312500002,179501.0,0.0656250000000001,1.0,0.061583577712610055,11779.753125000017,248215.5,437.3565514828834
Q3-BIN,1110,b28,388.0,198.0,90,timeout,True,outputs/q3/_runtime/v2_n100/n100/v2_n100_q3_bin/result.json,outputs/q3/_runtime/v2_n100/n100/v2_n100_q3_bin/layout.json,True,437.3565514828834,437.3565514828834,191280.75312500002,179501.0,0.0656250000000001,1.0,0.061583577712610055,11779.753125000017,248215.5,437.3565514828834,True,437.3565514828834,437.3565514828834,191280.75312500002,179501.0,0.0656250000000001,1.0,0.061583577712610055,11779.753125000017,248215.5,437.3565514828834
Q3-BIN,1110,b29,81.0,340.0,90,timeout,True,outputs/q3/_runtime/v2_n100/n100/v2_n100_q3_bin/result.json,outputs/q3/_runtime/v2_n100/n100/v2_n100_q3_bin/layout.json,True,437.3565514828834,437.3565514828834,191280.75312500002,179501.0,0.0656250000000001,1.0,0.061583577712610055,11779.753125000017,248215.5,437.3565514828834,True,437.3565514828834,437.3565514828834,191280.75312500002,179501.0,0.0656250000000001,1.0,0.061583577712610055,11779.753125000017,248215.5,437.3565514828834
Q3-BIN,1110,b3,0.0,237.0,90,timeout,True,outputs/q3/_runtime/v2_n100/n100/v2_n100_q3_bin/result.json,outputs/q3/_runtime/v2_n100/n100/v2_n100_q3_bin/layout.json,True,437.3565514828834,437.3565514828834,191280.75312500002,179501.0,0.0656250000000001,1.0,0.061583577712610055,11779.753125000017,248215.5,437.3565514828834,True,437.3565514828834,437.3565514828834,191280.75312500002,179501.0,0.0656250000000001,1.0,0.061583577712610055,11779.753125000017,248215.5,437.3565514828834
Q3-BIN,1110,b30,412.0,302.0,0,timeout,True,outputs/q3/_runtime/v2_n100/n100/v2_n100_q3_bin/result.json,outputs/q3/_runtime/v2_n100/n100/v2_n100_q3_bin/layout.json,True,437.3565514828834,437.3565514828834,191280.75312500002,179501.0,0.0656250000000001,1.0,0.061583577712610055,11779.753125000017,248215.5,437.3565514828834,True,437.3565514828834,437.3565514828834,191280.75312500002,179501.0,0.0656250000000001,1.0,0.061583577712610055,11779.753125000017,248215.5,437.3565514828834
Q3-BIN,1110,b31,196.0,310.0,90,timeout,True,outputs/q3/_runtime/v2_n100/n100/v2_n100_q3_bin/result.json,outputs/q3/_runtime/v2_n100/n100/v2_n100_q3_bin/layout.json,True,437.3565514828834,437.3565514828834,191280.75312500002,179501.0,0.0656250000000001,1.0,0.061583577712610055,11779.753125000017,248215.5,437.3565514828834,True,437.3565514828834,437.3565514828834,191280.75312500002,179501.0,0.0656250000000001,1.0,0.061583577712610055,11779.753125000017,248215.5,437.3565514828834
Q3-BIN,1110,b32,109.0,111.0,90,timeout,True,outputs/q3/_runtime/v2_n100/n100/v2_n100_q3_bin/result.json,outputs/q3/_runtime/v2_n100/n100/v2_n100_q3_bin/layout.json,True,437.3565514828834,437.3565514828834,191280.75312500002,179501.0,0.0656250000000001,1.0,0.061583577712610055,11779.753125000017,248215.5,437.3565514828834,True,437.3565514828834,437.3565514828834,191280.75312500002,179501.0,0.0656250000000001,1.0,0.061583577712610055,11779.753125000017,248215.5,437.3565514828834
Q3-BIN,1110,b33,268.0,368.0,90,timeout,True,outputs/q3/_runtime/v2_n100/n100/v2_n100_q3_bin/result.json,outputs/q3/_runtime/v2_n100/n100/v2_n100_q3_bin/layout.json,True,437.3565514828834,437.3565514828834,191280.75312500002,179501.0,0.0656250000000001,1.0,0.061583577712610055,11779.753125000017,248215.5,437.3565514828834,True,437.3565514828834,437.3565514828834,191280.75312500002,179501.0,0.0656250000000001,1.0,0.061583577712610055,11779.753125000017,248215.5,437.3565514828834
Q3-BIN,1110,b34,198.0,384.0,90,timeout,True,outputs/q3/_runtime/v2_n100/n100/v2_n100_q3_bin/result.json,outputs/q3/_runtime/v2_n100/n100/v2_n100_q3_bin/layout.json,True,437.3565514828834,437.3565514828834,191280.75312500002,179501.0,0.0656250000000001,1.0,0.061583577712610055,11779.753125000017,248215.5,437.3565514828834,True,437.3565514828834,437.3565514828834,191280.75312500002,179501.0,0.0656250000000001,1.0,0.061583577712610055,11779.753125000017,248215.5,437.3565514828834
Q3-BIN,1110,b35,158.0,309.0,90,timeout,True,outputs/q3/_runtime/v2_n100/n100/v2_n100_q3_bin/result.json,outputs/q3/_runtime/v2_n100/n100/v2_n100_q3_bin/layout.json,True,437.3565514828834,437.3565514828834,191280.75312500002,179501.0,0.0656250000000001,1.0,0.061583577712610055,11779.753125000017,248215.5,437.3565514828834,True,437.3565514828834,437.3565514828834,191280.75312500002,179501.0,0.0656250000000001,1.0,0.061583577712610055,11779.753125000017,248215.5,437.3565514828834
Q3-BIN,1110,b36,232.0,199.0,90,timeout,True,outputs/q3/_runtime/v2_n100/n100/v2_n100_q3_bin/result.json,outputs/q3/_runtime/v2_n100/n100/v2_n100_q3_bin/layout.json,True,437.3565514828834,437.3565514828834,191280.75312500002,179501.0,0.0656250000000001,1.0,0.061583577712610055,11779.753125000017,248215.5,437.3565514828834,True,437.3565514828834,437.3565514828834,191280.75312500002,179501.0,0.0656250000000001,1.0,0.061583577712610055,11779.753125000017,248215.5,437.3565514828834
Q3-BIN,1110,b37,285.0,390.0,90,timeout,True,outputs/q3/_runtime/v2_n100/n100/v2_n100_q3_bin/result.json,outputs/q3/_runtime/v2_n100/n100/v2_n100_q3_bin/layout.json,True,437.3565514828834,437.3565514828834,191280.75312500002,179501.0,0.0656250000000001,1.0,0.061583577712610055,11779.753125000017,248215.5,437.3565514828834,True,437.3565514828834,437.3565514828834,191280.75312500002,179501.0,0.0656250000000001,1.0,0.061583577712610055,11779.753125000017,248215.5,437.3565514828834
Q3-BIN,1110,b38,276.0,345.0,90,timeout,True,outputs/q3/_runtime/v2_n100/n100/v2_n100_q3_bin/result.json,outputs/q3/_runtime/v2_n100/n100/v2_n100_q3_bin/layout.json,True,437.3565514828834,437.3565514828834,191280.75312500002,179501.0,0.0656250000000001,1.0,0.061583577712610055,11779.753125000017,248215.5,437.3565514828834,True,437.3565514828834,437.3565514828834,191280.75312500002,179501.0,0.0656250000000001,1.0,0.061583577712610055,11779.753125000017,248215.5,437.3565514828834
Q3-BIN,1110,b39,51.0,56.0,0,timeout,True,outputs/q3/_runtime/v2_n100/n100/v2_n100_q3_bin/result.json,outputs/q3/_runtime/v2_n100/n100/v2_n100_q3_bin/layout.json,True,437.3565514828834,437.3565514828834,191280.75312500002,179501.0,0.0656250000000001,1.0,0.061583577712610055,11779.753125000017,248215.5,437.3565514828834,True,437.3565514828834,437.3565514828834,191280.75312500002,179501.0,0.0656250000000001,1.0,0.061583577712610055,11779.753125000017,248215.5,437.3565514828834
Q3-BIN,1110,b4,43.0,367.0,90,timeout,True,outputs/q3/_runtime/v2_n100/n100/v2_n100_q3_bin/result.json,outputs/q3/_runtime/v2_n100/n100/v2_n100_q3_bin/layout.json,True,437.3565514828834,437.3565514828834,191280.75312500002,179501.0,0.0656250000000001,1.0,0.061583577712610055,11779.753125000017,248215.5,437.3565514828834,True,437.3565514828834,437.3565514828834,191280.75312500002,179501.0,0.0656250000000001,1.0,0.061583577712610055,11779.753125000017,248215.5,437.3565514828834
Q3-BIN,1110,b40,198.0,336.0,90,timeout,True,outputs/q3/_runtime/v2_n100/n100/v2_n100_q3_bin/result.json,outputs/q3/_runtime/v2_n100/n100/v2_n100_q3_bin/layout.json,True,437.3565514828834,437.3565514828834,191280.75312500002,179501.0,0.0656250000000001,1.0,0.061583577712610055,11779.753125000017,248215.5,437.3565514828834,True,437.3565514828834,437.3565514828834,191280.75312500002,179501.0,0.0656250000000001,1.0,0.061583577712610055,11779.753125000017,248215.5,437.3565514828834
Q3-BIN,1110,b41,143.0,340.0,90,timeout,True,outputs/q3/_runtime/v2_n100/n100/v2_n100_q3_bin/result.json,outputs/q3/_runtime/v2_n100/n100/v2_n100_q3_bin/layout.json,True,437.3565514828834,437.3565514828834,191280.75312500002,179501.0,0.0656250000000001,1.0,0.061583577712610055,11779.753125000017,248215.5,437.3565514828834,True,437.3565514828834,437.3565514828834,191280.75312500002,179501.0,0.0656250000000001,1.0,0.061583577712610055,11779.753125000017,248215.5,437.3565514828834
Q3-BIN,1110,b42,0.0,0.0,0,timeout,True,outputs/q3/_runtime/v2_n100/n100/v2_n100_q3_bin/result.json,outputs/q3/_runtime/v2_n100/n100/v2_n100_q3_bin/layout.json,True,437.3565514828834,437.3565514828834,191280.75312500002,179501.0,0.0656250000000001,1.0,0.061583577712610055,11779.753125000017,248215.5,437.3565514828834,True,437.3565514828834,437.3565514828834,191280.75312500002,179501.0,0.0656250000000001,1.0,0.061583577712610055,11779.753125000017,248215.5,437.3565514828834
Q3-BIN,1110,b43,0.0,191.0,0,timeout,True,outputs/q3/_runtime/v2_n100/n100/v2_n100_q3_bin/result.json,outputs/q3/_runtime/v2_n100/n100/v2_n100_q3_bin/layout.json,True,437.3565514828834,437.3565514828834,191280.75312500002,179501.0,0.0656250000000001,1.0,0.061583577712610055,11779.753125000017,248215.5,437.3565514828834,True,437.3565514828834,437.3565514828834,191280.75312500002,179501.0,0.0656250000000001,1.0,0.061583577712610055,11779.753125000017,248215.5,437.3565514828834
Q3-BIN,1110,b44,350.0,111.0,0,timeout,True,outputs/q3/_runtime/v2_n100/n100/v2_n100_q3_bin/result.json,outputs/q3/_runtime/v2_n100/n100/v2_n100_q3_bin/layout.json,True,437.3565514828834,437.3565514828834,191280.75312500002,179501.0,0.0656250000000001,1.0,0.061583577712610055,11779.753125000017,248215.5,437.3565514828834,True,437.3565514828834,437.3565514828834,191280.75312500002,179501.0,0.0656250000000001,1.0,0.061583577712610055,11779.753125000017,248215.5,437.3565514828834
Q3-BIN,1110,b45,93.0,389.0,90,timeout,True,outputs/q3/_runtime/v2_n100/n100/v2_n100_q3_bin/result.json,outputs/q3/_runtime/v2_n100/n100/v2_n100_q3_bin/layout.json,True,437.3565514828834,437.3565514828834,191280.75312500002,179501.0,0.0656250000000001,1.0,0.061583577712610055,11779.753125000017,248215.5,437.3565514828834,True,437.3565514828834,437.3565514828834,191280.75312500002,179501.0,0.0656250000000001,1.0,0.061583577712610055,11779.753125000017,248215.5,437.3565514828834
Q3-BIN,1110,b46,62.0,367.0,0,timeout,True,outputs/q3/_runtime/v2_n100/n100/v2_n100_q3_bin/result.json,outputs/q3/_runtime/v2_n100/n100/v2_n100_q3_bin/layout.json,True,437.3565514828834,437.3565514828834,191280.75312500002,179501.0,0.0656250000000001,1.0,0.061583577712610055,11779.753125000017,248215.5,437.3565514828834,True,437.3565514828834,437.3565514828834,191280.75312500002,179501.0,0.0656250000000001,1.0,0.061583577712610055,11779.753125000017,248215.5,437.3565514828834
Q3-BIN,1110,b47,152.0,276.0,0,timeout,True,outputs/q3/_runtime/v2_n100/n100/v2_n100_q3_bin/result.json,outputs/q3/_runtime/v2_n100/n100/v2_n100_q3_bin/layout.json,True,437.3565514828834,437.3565514828834,191280.75312500002,179501.0,0.0656250000000001,1.0,0.061583577712610055,11779.753125000017,248215.5,437.3565514828834,True,437.3565514828834,437.3565514828834,191280.75312500002,179501.0,0.0656250000000001,1.0,0.061583577712610055,11779.753125000017,248215.5,437.3565514828834
Q3-BIN,1110,b48,0.0,308.0,0,timeout,True,outputs/q3/_runtime/v2_n100/n100/v2_n100_q3_bin/result.json,outputs/q3/_runtime/v2_n100/n100/v2_n100_q3_bin/layout.json,True,437.3565514828834,437.3565514828834,191280.75312500002,179501.0,0.0656250000000001,1.0,0.061583577712610055,11779.753125000017,248215.5,437.3565514828834,True,437.3565514828834,437.3565514828834,191280.75312500002,179501.0,0.0656250000000001,1.0,0.061583577712610055,11779.753125000017,248215.5,437.3565514828834
Q3-BIN,1110,b49,285.0,111.0,90,timeout,True,outputs/q3/_runtime/v2_n100/n100/v2_n100_q3_bin/result.json,outputs/q3/_runtime/v2_n100/n100/v2_n100_q3_bin/layout.json,True,437.3565514828834,437.3565514828834,191280.75312500002,179501.0,0.0656250000000001,1.0,0.061583577712610055,11779.753125000017,248215.5,437.3565514828834,True,437.3565514828834,437.3565514828834,191280.75312500002,179501.0,0.0656250000000001,1.0,0.061583577712610055,11779.753125000017,248215.5,437.3565514828834
Q3-BIN,1110,b5,129.0,200.0,90,timeout,True,outputs/q3/_runtime/v2_n100/n100/v2_n100_q3_bin/result.json,outputs/q3/_runtime/v2_n100/n100/v2_n100_q3_bin/layout.json,True,437.3565514828834,437.3565514828834,191280.75312500002,179501.0,0.0656250000000001,1.0,0.061583577712610055,11779.753125000017,248215.5,437.3565514828834,True,437.3565514828834,437.3565514828834,191280.75312500002,179501.0,0.0656250000000001,1.0,0.061583577712610055,11779.753125000017,248215.5,437.3565514828834
Q3-BIN,1110,b50,230.0,313.0,0,timeout,True,outputs/q3/_runtime/v2_n100/n100/v2_n100_q3_bin/result.json,outputs/q3/_runtime/v2_n100/n100/v2_n100_q3_bin/layout.json,True,437.3565514828834,437.3565514828834,191280.75312500002,179501.0,0.0656250000000001,1.0,0.061583577712610055,11779.753125000017,248215.5,437.3565514828834,True,437.3565514828834,437.3565514828834,191280.75312500002,179501.0,0.0656250000000001,1.0,0.061583577712610055,11779.753125000017,248215.5,437.3565514828834
Q3-BIN,1110,b51,241.0,238.0,90,timeout,True,outputs/q3/_runtime/v2_n100/n100/v2_n100_q3_bin/result.json,outputs/q3/_runtime/v2_n100/n100/v2_n100_q3_bin/layout.json,True,437.3565514828834,437.3565514828834,191280.75312500002,179501.0,0.0656250000000001,1.0,0.061583577712610055,11779.753125000017,248215.5,437.3565514828834,True,437.3565514828834,437.3565514828834,191280.75312500002,179501.0,0.0656250000000001,1.0,0.061583577712610055,11779.753125000017,248215.5,437.3565514828834
Q3-BIN,1110,b52,98.0,154.0,0,timeout,True,outputs/q3/_runtime/v2_n100/n100/v2_n100_q3_bin/result.json,outputs/q3/_runtime/v2_n100/n100/v2_n100_q3_bin/layout.json,True,437.3565514828834,437.3565514828834,191280.75312500002,179501.0,0.0656250000000001,1.0,0.061583577712610055,11779.753125000017,248215.5,437.3565514828834,True,437.3565514828834,437.3565514828834,191280.75312500002,179501.0,0.0656250000000001,1.0,0.061583577712610055,11779.753125000017,248215.5,437.3565514828834
Q3-BIN,1110,b53,0.0,373.0,0,timeout,True,outputs/q3/_runtime/v2_n100/n100/v2_n100_q3_bin/result.json,outputs/q3/_runtime/v2_n100/n100/v2_n100_q3_bin/layout.json,True,437.3565514828834,437.3565514828834,191280.75312500002,179501.0,0.0656250000000001,1.0,0.061583577712610055,11779.753125000017,248215.5,437.3565514828834,True,437.3565514828834,437.3565514828834,191280.75312500002,179501.0,0.0656250000000001,1.0,0.061583577712610055,11779.753125000017,248215.5,437.3565514828834
Q3-BIN,1110,b54,137.0,387.0,90,timeout,True,outputs/q3/_runtime/v2_n100/n100/v2_n100_q3_bin/result.json,outputs/q3/_runtime/v2_n100/n100/v2_n100_q3_bin/layout.json,True,437.3565514828834,437.3565514828834,191280.75312500002,179501.0,0.0656250000000001,1.0,0.061583577712610055,11779.753125000017,248215.5,437.3565514828834,True,437.3565514828834,437.3565514828834,191280.75312500002,179501.0,0.0656250000000001,1.0,0.061583577712610055,11779.753125000017,248215.5,437.3565514828834
Q3-BIN,1110,b55,217.0,276.0,90,timeout,True,outputs/q3/_runtime/v2_n100/n100/v2_n100_q3_bin/result.json,outputs/q3/_runtime/v2_n100/n100/v2_n100_q3_bin/layout.json,True,437.3565514828834,437.3565514828834,191280.75312500002,179501.0,0.0656250000000001,1.0,0.061583577712610055,11779.753125000017,248215.5,437.3565514828834,True,437.3565514828834,437.3565514828834,191280.75312500002,179501.0,0.0656250000000001,1.0,0.061583577712610055,11779.753125000017,248215.5,437.3565514828834
Q3-BIN,1110,b56,26.0,414.0,90,timeout,True,outputs/q3/_runtime/v2_n100/n100/v2_n100_q3_bin/result.json,outputs/q3/_runtime/v2_n100/n100/v2_n100_q3_bin/layout.json,True,437.3565514828834,437.3565514828834,191280.75312500002,179501.0,0.0656250000000001,1.0,0.061583577712610055,11779.753125000017,248215.5,437.3565514828834,True,437.3565514828834,437.3565514828834,191280.75312500002,179501.0,0.0656250000000001,1.0,0.061583577712610055,11779.753125000017,248215.5,437.3565514828834
Q3-BIN,1110,b57,333.0,344.0,90,timeout,True,outputs/q3/_runtime/v2_n100/n100/v2_n100_q3_bin/result.json,outputs/q3/_runtime/v2_n100/n100/v2_n100_q3_bin/layout.json,True,437.3565514828834,437.3565514828834,191280.75312500002,179501.0,0.0656250000000001,1.0,0.061583577712610055,11779.753125000017,248215.5,437.3565514828834,True,437.3565514828834,437.3565514828834,191280.75312500002,179501.0,0.0656250000000001,1.0,0.061583577712610055,11779.753125000017,248215.5,437.3565514828834
Q3-BIN,1110,b58,67.0,238.0,0,timeout,True,outputs/q3/_runtime/v2_n100/n100/v2_n100_q3_bin/result.json,outputs/q3/_runtime/v2_n100/n100/v2_n100_q3_bin/layout.json,True,437.3565514828834,437.3565514828834,191280.75312500002,179501.0,0.0656250000000001,1.0,0.061583577712610055,11779.753125000017,248215.5,437.3565514828834,True,437.3565514828834,437.3565514828834,191280.75312500002,179501.0,0.0656250000000001,1.0,0.061583577712610055,11779.753125000017,248215.5,437.3565514828834
Q3-BIN,1110,b59,400.0,367.0,90,timeout,True,outputs/q3/_runtime/v2_n100/n100/v2_n100_q3_bin/result.json,outputs/q3/_runtime/v2_n100/n100/v2_n100_q3_bin/layout.json,True,437.3565514828834,437.3565514828834,191280.75312500002,179501.0,0.0656250000000001,1.0,0.061583577712610055,11779.753125000017,248215.5,437.3565514828834,True,437.3565514828834,437.3565514828834,191280.75312500002,179501.0,0.0656250000000001,1.0,0.061583577712610055,11779.753125000017,248215.5,437.3565514828834
Q3-BIN,1110,b6,118.0,312.0,0,timeout,True,outputs/q3/_runtime/v2_n100/n100/v2_n100_q3_bin/result.json,outputs/q3/_runtime/v2_n100/n100/v2_n100_q3_bin/layout.json,True,437.3565514828834,437.3565514828834,191280.75312500002,179501.0,0.0656250000000001,1.0,0.061583577712610055,11779.753125000017,248215.5,437.3565514828834,True,437.3565514828834,437.3565514828834,191280.75312500002,179501.0,0.0656250000000001,1.0,0.061583577712610055,11779.753125000017,248215.5,437.3565514828834
Q3-BIN,1110,b60,101.0,364.0,0,timeout,True,outputs/q3/_runtime/v2_n100/n100/v2_n100_q3_bin/result.json,outputs/q3/_runtime/v2_n100/n100/v2_n100_q3_bin/layout.json,True,437.3565514828834,437.3565514828834,191280.75312500002,179501.0,0.0656250000000001,1.0,0.061583577712610055,11779.753125000017,248215.5,437.3565514828834,True,437.3565514828834,437.3565514828834,191280.75312500002,179501.0,0.0656250000000001,1.0,0.061583577712610055,11779.753125000017,248215.5,437.3565514828834
Q3-BIN,1110,b61,252.0,390.0,0,timeout,True,outputs/q3/_runtime/v2_n100/n100/v2_n100_q3_bin/result.json,outputs/q3/_runtime/v2_n100/n100/v2_n100_q3_bin/layout.json,True,437.3565514828834,437.3565514828834,191280.75312500002,179501.0,0.0656250000000001,1.0,0.061583577712610055,11779.753125000017,248215.5,437.3565514828834,True,437.3565514828834,437.3565514828834,191280.75312500002,179501.0,0.0656250000000001,1.0,0.061583577712610055,11779.753125000017,248215.5,437.3565514828834
Q3-BIN,1110,b62,208.0,365.0,0,timeout,True,outputs/q3/_runtime/v2_n100/n100/v2_n100_q3_bin/result.json,outputs/q3/_runtime/v2_n100/n100/v2_n100_q3_bin/layout.json,True,437.3565514828834,437.3565514828834,191280.75312500002,179501.0,0.0656250000000001,1.0,0.061583577712610055,11779.753125000017,248215.5,437.3565514828834,True,437.3565514828834,437.3565514828834,191280.75312500002,179501.0,0.0656250000000001,1.0,0.061583577712610055,11779.753125000017,248215.5,437.3565514828834
Q3-BIN,1110,b63,343.0,201.0,90,timeout,True,outputs/q3/_runtime/v2_n100/n100/v2_n100_q3_bin/result.json,outputs/q3/_runtime/v2_n100/n100/v2_n100_q3_bin/layout.json,True,437.3565514828834,437.3565514828834,191280.75312500002,179501.0,0.0656250000000001,1.0,0.061583577712610055,11779.753125000017,248215.5,437.3565514828834,True,437.3565514828834,437.3565514828834,191280.75312500002,179501.0,0.0656250000000001,1.0,0.061583577712610055,11779.753125000017,248215.5,437.3565514828834
Q3-BIN,1110,b64,0.0,101.0,0,timeout,True,outputs/q3/_runtime/v2_n100/n100/v2_n100_q3_bin/result.json,outputs/q3/_runtime/v2_n100/n100/v2_n100_q3_bin/layout.json,True,437.3565514828834,437.3565514828834,191280.75312500002,179501.0,0.0656250000000001,1.0,0.061583577712610055,11779.753125000017,248215.5,437.3565514828834,True,437.3565514828834,437.3565514828834,191280.75312500002,179501.0,0.0656250000000001,1.0,0.061583577712610055,11779.753125000017,248215.5,437.3565514828834
Q3-BIN,1110,b65,62.0,0.0,0,timeout,True,outputs/q3/_runtime/v2_n100/n100/v2_n100_q3_bin/result.json,outputs/q3/_runtime/v2_n100/n100/v2_n100_q3_bin/layout.json,True,437.3565514828834,437.3565514828834,191280.75312500002,179501.0,0.0656250000000001,1.0,0.061583577712610055,11779.753125000017,248215.5,437.3565514828834,True,437.3565514828834,437.3565514828834,191280.75312500002,179501.0,0.0656250000000001,1.0,0.061583577712610055,11779.753125000017,248215.5,437.3565514828834
Q3-BIN,1110,b66,119.0,0.0,0,timeout,True,outputs/q3/_runtime/v2_n100/n100/v2_n100_q3_bin/result.json,outputs/q3/_runtime/v2_n100/n100/v2_n100_q3_bin/layout.json,True,437.3565514828834,437.3565514828834,191280.75312500002,179501.0,0.0656250000000001,1.0,0.061583577712610055,11779.753125000017,248215.5,437.3565514828834,True,437.3565514828834,437.3565514828834,191280.75312500002,179501.0,0.0656250000000001,1.0,0.061583577712610055,11779.753125000017,248215.5,437.3565514828834
Q3-BIN,1110,b67,299.0,201.0,0,timeout,True,outputs/q3/_runtime/v2_n100/n100/v2_n100_q3_bin/result.json,outputs/q3/_runtime/v2_n100/n100/v2_n100_q3_bin/layout.json,True,437.3565514828834,437.3565514828834,191280.75312500002,179501.0,0.0656250000000001,1.0,0.061583577712610055,11779.753125000017,248215.5,437.3565514828834,True,437.3565514828834,437.3565514828834,191280.75312500002,179501.0,0.0656250000000001,1.0,0.061583577712610055,11779.753125000017,248215.5,437.3565514828834
Q3-BIN,1110,b68,295.0,59.0,90,timeout,True,outputs/q3/_runtime/v2_n100/n100/v2_n100_q3_bin/result.json,outputs/q3/_runtime/v2_n100/n100/v2_n100_q3_bin/layout.json,True,437.3565514828834,437.3565514828834,191280.75312500002,179501.0,0.0656250000000001,1.0,0.061583577712610055,11779.753125000017,248215.5,437.3565514828834,True,437.3565514828834,437.3565514828834,191280.75312500002,179501.0,0.0656250000000001,1.0,0.061583577712610055,11779.753125000017,248215.5,437.3565514828834
Q3-BIN,1110,b69,27.0,340.0,0,timeout,True,outputs/q3/_runtime/v2_n100/n100/v2_n100_q3_bin/result.json,outputs/q3/_runtime/v2_n100/n100/v2_n100_q3_bin/layout.json,True,437.3565514828834,437.3565514828834,191280.75312500002,179501.0,0.0656250000000001,1.0,0.061583577712610055,11779.753125000017,248215.5,437.3565514828834,True,437.3565514828834,437.3565514828834,191280.75312500002,179501.0,0.0656250000000001,1.0,0.061583577712610055,11779.753125000017,248215.5,437.3565514828834
Q3-BIN,1110,b7,147.0,405.0,90,timeout,True,outputs/q3/_runtime/v2_n100/n100/v2_n100_q3_bin/result.json,outputs/q3/_runtime/v2_n100/n100/v2_n100_q3_bin/layout.json,True,437.3565514828834,437.3565514828834,191280.75312500002,179501.0,0.0656250000000001,1.0,0.061583577712610055,11779.753125000017,248215.5,437.3565514828834,True,437.3565514828834,437.3565514828834,191280.75312500002,179501.0,0.0656250000000001,1.0,0.061583577712610055,11779.753125000017,248215.5,437.3565514828834
Q3-BIN,1110,b70,152.0,158.0,90,timeout,True,outputs/q3/_runtime/v2_n100/n100/v2_n100_q3_bin/result.json,outputs/q3/_runtime/v2_n100/n100/v2_n100_q3_bin/layout.json,True,437.3565514828834,437.3565514828834,191280.75312500002,179501.0,0.0656250000000001,1.0,0.061583577712610055,11779.753125000017,248215.5,437.3565514828834,True,437.3565514828834,437.3565514828834,191280.75312500002,179501.0,0.0656250000000001,1.0,0.061583577712610055,11779.753125000017,248215.5,437.3565514828834
Q3-BIN,1110,b71,303.0,368.0,0,timeout,True,outputs/q3/_runtime/v2_n100/n100/v2_n100_q3_bin/result.json,outputs/q3/_runtime/v2_n100/n100/v2_n100_q3_bin/layout.json,True,437.3565514828834,437.3565514828834,191280.75312500002,179501.0,0.0656250000000001,1.0,0.061583577712610055,11779.753125000017,248215.5,437.3565514828834,True,437.3565514828834,437.3565514828834,191280.75312500002,179501.0,0.0656250000000001,1.0,0.061583577712610055,11779.753125000017,248215.5,437.3565514828834
Q3-BIN,1110,b72,186.0,0.0,90,timeout,True,outputs/q3/_runtime/v2_n100/n100/v2_n100_q3_bin/result.json,outputs/q3/_runtime/v2_n100/n100/v2_n100_q3_bin/layout.json,True,437.3565514828834,437.3565514828834,191280.75312500002,179501.0,0.0656250000000001,1.0,0.061583577712610055,11779.753125000017,248215.5,437.3565514828834,True,437.3565514828834,437.3565514828834,191280.75312500002,179501.0,0.0656250000000001,1.0,0.061583577712610055,11779.753125000017,248215.5,437.3565514828834
Q3-BIN,1110,b73,365.0,0.0,90,timeout,True,outputs/q3/_runtime/v2_n100/n100/v2_n100_q3_bin/result.json,outputs/q3/_runtime/v2_n100/n100/v2_n100_q3_bin/layout.json,True,437.3565514828834,437.3565514828834,191280.75312500002,179501.0,0.0656250000000001,1.0,0.061583577712610055,11779.753125000017,248215.5,437.3565514828834,True,437.3565514828834,437.3565514828834,191280.75312500002,179501.0,0.0656250000000001,1.0,0.061583577712610055,11779.753125000017,248215.5,437.3565514828834
Q3-BIN,1110,b74,0.0,148.0,0,timeout,True,outputs/q3/_runtime/v2_n100/n100/v2_n100_q3_bin/result.json,outputs/q3/_runtime/v2_n100/n100/v2_n100_q3_bin/layout.json,True,437.3565514828834,437.3565514828834,191280.75312500002,179501.0,0.0656250000000001,1.0,0.061583577712610055,11779.753125000017,248215.5,437.3565514828834,True,437.3565514828834,437.3565514828834,191280.75312500002,179501.0,0.0656250000000001,1.0,0.061583577712610055,11779.753125000017,248215.5,437.3565514828834
Q3-BIN,1110,b75,400.0,417.0,90,timeout,True,outputs/q3/_runtime/v2_n100/n100/v2_n100_q3_bin/result.json,outputs/q3/_runtime/v2_n100/n100/v2_n100_q3_bin/layout.json,True,437.3565514828834,437.3565514828834,191280.75312500002,179501.0,0.0656250000000001,1.0,0.061583577712610055,11779.753125000017,248215.5,437.3565514828834,True,437.3565514828834,437.3565514828834,191280.75312500002,179501.0,0.0656250000000001,1.0,0.061583577712610055,11779.753125000017,248215.5,437.3565514828834
Q3-BIN,1110,b76,367.0,367.0,90,timeout,True,outputs/q3/_runtime/v2_n100/n100/v2_n100_q3_bin/result.json,outputs/q3/_runtime/v2_n100/n100/v2_n100_q3_bin/layout.json,True,437.3565514828834,437.3565514828834,191280.75312500002,179501.0,0.0656250000000001,1.0,0.061583577712610055,11779.753125000017,248215.5,437.3565514828834,True,437.3565514828834,437.3565514828834,191280.75312500002,179501.0,0.0656250000000001,1.0,0.061583577712610055,11779.753125000017,248215.5,437.3565514828834
Q3-BIN,1110,b77,247.0,0.0,0,timeout,True,outputs/q3/_runtime/v2_n100/n100/v2_n100_q3_bin/result.json,outputs/q3/_runtime/v2_n100/n100/v2_n100_q3_bin/layout.json,True,437.3565514828834,437.3565514828834,191280.75312500002,179501.0,0.0656250000000001,1.0,0.061583577712610055,11779.753125000017,248215.5,437.3565514828834,True,437.3565514828834,437.3565514828834,191280.75312500002,179501.0,0.0656250000000001,1.0,0.061583577712610055,11779.753125000017,248215.5,437.3565514828834
Q3-BIN,1110,b78,383.0,270.0,0,timeout,True,outputs/q3/_runtime/v2_n100/n100/v2_n100_q3_bin/result.json,outputs/q3/_runtime/v2_n100/n100/v2_n100_q3_bin/layout.json,True,437.3565514828834,437.3565514828834,191280.75312500002,179501.0,0.0656250000000001,1.0,0.061583577712610055,11779.753125000017,248215.5,437.3565514828834,True,437.3565514828834,437.3565514828834,191280.75312500002,179501.0,0.0656250000000001,1.0,0.061583577712610055,11779.753125000017,248215.5,437.3565514828834
Q3-BIN,1110,b79,38.0,150.0,0,timeout,True,outputs/q3/_runtime/v2_n100/n100/v2_n100_q3_bin/result.json,outputs/q3/_runtime/v2_n100/n100/v2_n100_q3_bin/layout.json,True,437.3565514828834,437.3565514828834,191280.75312500002,179501.0,0.0656250000000001,1.0,0.061583577712610055,11779.753125000017,248215.5,437.3565514828834,True,437.3565514828834,437.3565514828834,191280.75312500002,179501.0,0.0656250000000001,1.0,0.061583577712610055,11779.753125000017,248215.5,437.3565514828834
Q3-BIN,1110,b8,103.0,61.0,90,timeout,True,outputs/q3/_runtime/v2_n100/n100/v2_n100_q3_bin/result.json,outputs/q3/_runtime/v2_n100/n100/v2_n100_q3_bin/layout.json,True,437.3565514828834,437.3565514828834,191280.75312500002,179501.0,0.0656250000000001,1.0,0.061583577712610055,11779.753125000017,248215.5,437.3565514828834,True,437.3565514828834,437.3565514828834,191280.75312500002,179501.0,0.0656250000000001,1.0,0.061583577712610055,11779.753125000017,248215.5,437.3565514828834
Q3-BIN,1110,b80,89.0,412.0,90,timeout,True,outputs/q3/_runtime/v2_n100/n100/v2_n100_q3_bin/result.json,outputs/q3/_runtime/v2_n100/n100/v2_n100_q3_bin/layout.json,True,437.3565514828834,437.3565514828834,191280.75312500002,179501.0,0.0656250000000001,1.0,0.061583577712610055,11779.753125000017,248215.5,437.3565514828834,True,437.3565514828834,437.3565514828834,191280.75312500002,179501.0,0.0656250000000001,1.0,0.061583577712610055,11779.753125000017,248215.5,437.3565514828834
Q3-BIN,1110,b81,102.0,272.0,90,timeout,True,outputs/q3/_runtime/v2_n100/n100/v2_n100_q3_bin/result.json,outputs/q3/_runtime/v2_n100/n100/v2_n100_q3_bin/layout.json,True,437.3565514828834,437.3565514828834,191280.75312500002,179501.0,0.0656250000000001,1.0,0.061583577712610055,11779.753125000017,248215.5,437.3565514828834,True,437.3565514828834,437.3565514828834,191280.75312500002,179501.0,0.0656250000000001,1.0,0.061583577712610055,11779.753125000017,248215.5,437.3565514828834
Q3-BIN,1110,b82,162.0,111.0,90,timeout,True,outputs/q3/_runtime/v2_n100/n100/v2_n100_q3_bin/result.json,outputs/q3/_runtime/v2_n100/n100/v2_n100_q3_bin/layout.json,True,437.3565514828834,437.3565514828834,191280.75312500002,179501.0,0.0656250000000001,1.0,0.061583577712610055,11779.753125000017,248215.5,437.3565514828834,True,437.3565514828834,437.3565514828834,191280.75312500002,179501.0,0.0656250000000001,1.0,0.061583577712610055,11779.753125000017,248215.5,437.3565514828834
Q3-BIN,1110,b83,169.0,239.0,90,timeout,True,outputs/q3/_runtime/v2_n100/n100/v2_n100_q3_bin/result.json,outputs/q3/_runtime/v2_n100/n100/v2_n100_q3_bin/layout.json,True,437.3565514828834,437.3565514828834,191280.75312500002,179501.0,0.0656250000000001,1.0,0.061583577712610055,11779.753125000017,248215.5,437.3565514828834,True,437.3565514828834,437.3565514828834,191280.75312500002,179501.0,0.0656250000000001,1.0,0.061583577712610055,11779.753125000017,248215.5,437.3565514828834
Q3-BIN,1110,b84,187.0,413.0,0,timeout,True,outputs/q3/_runtime/v2_n100/n100/v2_n100_q3_bin/result.json,outputs/q3/_runtime/v2_n100/n100/v2_n100_q3_bin/layout.json,True,437.3565514828834,437.3565514828834,191280.75312500002,179501.0,0.0656250000000001,1.0,0.061583577712610055,11779.753125000017,248215.5,437.3565514828834,True,437.3565514828834,437.3565514828834,191280.75312500002,179501.0,0.0656250000000001,1.0,0.061583577712610055,11779.753125000017,248215.5,437.3565514828834
Q3-BIN,1110,b85,402.0,237.0,0,timeout,True,outputs/q3/_runtime/v2_n100/n100/v2_n100_q3_bin/result.json,outputs/q3/_runtime/v2_n100/n100/v2_n100_q3_bin/layout.json,True,437.3565514828834,437.3565514828834,191280.75312500002,179501.0,0.0656250000000001,1.0,0.061583577712610055,11779.753125000017,248215.5,437.3565514828834,True,437.3565514828834,437.3565514828834,191280.75312500002,179501.0,0.0656250000000001,1.0,0.061583577712610055,11779.753125000017,248215.5,437.3565514828834
Q3-BIN,1110,b86,185.0,239.0,0,timeout,True,outputs/q3/_runtime/v2_n100/n100/v2_n100_q3_bin/result.json,outputs/q3/_runtime/v2_n100/n100/v2_n100_q3_bin/layout.json,True,437.3565514828834,437.3565514828834,191280.75312500002,179501.0,0.0656250000000001,1.0,0.061583577712610055,11779.753125000017,248215.5,437.3565514828834,True,437.3565514828834,437.3565514828834,191280.75312500002,179501.0,0.0656250000000001,1.0,0.061583577712610055,11779.753125000017,248215.5,437.3565514828834
Q3-BIN,1110,b87,85.0,199.0,90,timeout,True,outputs/q3/_runtime/v2_n100/n100/v2_n100_q3_bin/result.json,outputs/q3/_runtime/v2_n100/n100/v2_n100_q3_bin/layout.json,True,437.3565514828834,437.3565514828834,191280.75312500002,179501.0,0.0656250000000001,1.0,0.061583577712610055,11779.753125000017,248215.5,437.3565514828834,True,437.3565514828834,437.3565514828834,191280.75312500002,179501.0,0.0656250000000001,1.0,0.061583577712610055,11779.753125000017,248215.5,437.3565514828834
Q3-BIN,1110,b88,61.0,191.0,90,timeout,True,outputs/q3/_runtime/v2_n100/n100/v2_n100_q3_bin/result.json,outputs/q3/_runtime/v2_n100/n100/v2_n100_q3_bin/layout.json,True,437.3565514828834,437.3565514828834,191280.75312500002,179501.0,0.0656250000000001,1.0,0.061583577712610055,11779.753125000017,248215.5,437.3565514828834,True,437.3565514828834,437.3565514828834,191280.75312500002,179501.0,0.0656250000000001,1.0,0.061583577712610055,11779.753125000017,248215.5,437.3565514828834
Q3-BIN,1110,b89,0.0,335.0,90,timeout,True,outputs/q3/_runtime/v2_n100/n100/v2_n100_q3_bin/result.json,outputs/q3/_runtime/v2_n100/n100/v2_n100_q3_bin/layout.json,True,437.3565514828834,437.3565514828834,191280.75312500002,179501.0,0.0656250000000001,1.0,0.061583577712610055,11779.753125000017,248215.5,437.3565514828834,True,437.3565514828834,437.3565514828834,191280.75312500002,179501.0,0.0656250000000001,1.0,0.061583577712610055,11779.753125000017,248215.5,437.3565514828834
Q3-BIN,1110,b9,52.0,396.0,90,timeout,True,outputs/q3/_runtime/v2_n100/n100/v2_n100_q3_bin/result.json,outputs/q3/_runtime/v2_n100/n100/v2_n100_q3_bin/layout.json,True,437.3565514828834,437.3565514828834,191280.75312500002,179501.0,0.0656250000000001,1.0,0.061583577712610055,11779.753125000017,248215.5,437.3565514828834,True,437.3565514828834,437.3565514828834,191280.75312500002,179501.0,0.0656250000000001,1.0,0.061583577712610055,11779.753125000017,248215.5,437.3565514828834
Q3-BIN,1110,b90,363.0,237.0,0,timeout,True,outputs/q3/_runtime/v2_n100/n100/v2_n100_q3_bin/result.json,outputs/q3/_runtime/v2_n100/n100/v2_n100_q3_bin/layout.json,True,437.3565514828834,437.3565514828834,191280.75312500002,179501.0,0.0656250000000001,1.0,0.061583577712610055,11779.753125000017,248215.5,437.3565514828834,True,437.3565514828834,437.3565514828834,191280.75312500002,179501.0,0.0656250000000001,1.0,0.061583577712610055,11779.753125000017,248215.5,437.3565514828834
Q3-BIN,1110,b91,113.0,239.0,0,timeout,True,outputs/q3/_runtime/v2_n100/n100/v2_n100_q3_bin/result.json,outputs/q3/_runtime/v2_n100/n100/v2_n100_q3_bin/layout.json,True,437.3565514828834,437.3565514828834,191280.75312500002,179501.0,0.0656250000000001,1.0,0.061583577712610055,11779.753125000017,248215.5,437.3565514828834,True,437.3565514828834,437.3565514828834,191280.75312500002,179501.0,0.0656250000000001,1.0,0.061583577712610055,11779.753125000017,248215.5,437.3565514828834
Q3-BIN,1110,b92,0.0,414.0,0,timeout,True,outputs/q3/_runtime/v2_n100/n100/v2_n100_q3_bin/result.json,outputs/q3/_runtime/v2_n100/n100/v2_n100_q3_bin/layout.json,True,437.3565514828834,437.3565514828834,191280.75312500002,179501.0,0.0656250000000001,1.0,0.061583577712610055,11779.753125000017,248215.5,437.3565514828834,True,437.3565514828834,437.3565514828834,191280.75312500002,179501.0,0.0656250000000001,1.0,0.061583577712610055,11779.753125000017,248215.5,437.3565514828834
Q3-BIN,1110,b93,273.0,278.0,0,timeout,True,outputs/q3/_runtime/v2_n100/n100/v2_n100_q3_bin/result.json,outputs/q3/_runtime/v2_n100/n100/v2_n100_q3_bin/layout.json,True,437.3565514828834,437.3565514828834,191280.75312500002,179501.0,0.0656250000000001,1.0,0.061583577712610055,11779.753125000017,248215.5,437.3565514828834,True,437.3565514828834,437.3565514828834,191280.75312500002,179501.0,0.0656250000000001,1.0,0.061583577712610055,11779.753125000017,248215.5,437.3565514828834
Q3-BIN,1110,b94,260.0,158.0,90,timeout,True,outputs/q3/_runtime/v2_n100/n100/v2_n100_q3_bin/result.json,outputs/q3/_runtime/v2_n100/n100/v2_n100_q3_bin/layout.json,True,437.3565514828834,437.3565514828834,191280.75312500002,179501.0,0.0656250000000001,1.0,0.061583577712610055,11779.753125000017,248215.5,437.3565514828834,True,437.3565514828834,437.3565514828834,191280.75312500002,179501.0,0.0656250000000001,1.0,0.061583577712610055,11779.753125000017,248215.5,437.3565514828834
Q3-BIN,1110,b95,415.0,61.0,90,timeout,True,outputs/q3/_runtime/v2_n100/n100/v2_n100_q3_bin/result.json,outputs/q3/_runtime/v2_n100/n100/v2_n100_q3_bin/layout.json,True,437.3565514828834,437.3565514828834,191280.75312500002,179501.0,0.0656250000000001,1.0,0.061583577712610055,11779.753125000017,248215.5,437.3565514828834,True,437.3565514828834,437.3565514828834,191280.75312500002,179501.0,0.0656250000000001,1.0,0.061583577712610055,11779.753125000017,248215.5,437.3565514828834
Q3-BIN,1110,b96,194.0,158.0,90,timeout,True,outputs/q3/_runtime/v2_n100/n100/v2_n100_q3_bin/result.json,outputs/q3/_runtime/v2_n100/n100/v2_n100_q3_bin/layout.json,True,437.3565514828834,437.3565514828834,191280.75312500002,179501.0,0.0656250000000001,1.0,0.061583577712610055,11779.753125000017,248215.5,437.3565514828834,True,437.3565514828834,437.3565514828834,191280.75312500002,179501.0,0.0656250000000001,1.0,0.061583577712610055,11779.753125000017,248215.5,437.3565514828834
Q3-BIN,1110,b97,141.0,367.0,90,timeout,True,outputs/q3/_runtime/v2_n100/n100/v2_n100_q3_bin/result.json,outputs/q3/_runtime/v2_n100/n100/v2_n100_q3_bin/layout.json,True,437.3565514828834,437.3565514828834,191280.75312500002,179501.0,0.0656250000000001,1.0,0.061583577712610055,11779.753125000017,248215.5,437.3565514828834,True,437.3565514828834,437.3565514828834,191280.75312500002,179501.0,0.0656250000000001,1.0,0.061583577712610055,11779.753125000017,248215.5,437.3565514828834
Q3-BIN,1110,b98,254.0,413.0,90,timeout,True,outputs/q3/_runtime/v2_n100/n100/v2_n100_q3_bin/result.json,outputs/q3/_runtime/v2_n100/n100/v2_n100_q3_bin/layout.json,True,437.3565514828834,437.3565514828834,191280.75312500002,179501.0,0.0656250000000001,1.0,0.061583577712610055,11779.753125000017,248215.5,437.3565514828834,True,437.3565514828834,437.3565514828834,191280.75312500002,179501.0,0.0656250000000001,1.0,0.061583577712610055,11779.753125000017,248215.5,437.3565514828834
Q3-BIN,1110,b99,229.0,61.0,90,timeout,True,outputs/q3/_runtime/v2_n100/n100/v2_n100_q3_bin/result.json,outputs/q3/_runtime/v2_n100/n100/v2_n100_q3_bin/layout.json,True,437.3565514828834,437.3565514828834,191280.75312500002,179501.0,0.0656250000000001,1.0,0.061583577712610055,11779.753125000017,248215.5,437.3565514828834,True,437.3565514828834,437.3565514828834,191280.75312500002,179501.0,0.0656250000000001,1.0,0.061583577712610055,11779.753125000017,248215.5,437.3565514828834
Q3-LIN,1110,b0,345.0,400.0,0,timeout,True,outputs/q3/_runtime/v2_n100/n100/v2_n100_q3_lin/result.json,outputs/q3/_runtime/v2_n100/n100/v2_n100_q3_lin/layout.json,True,437.2282756181261,437.2282756181261,191168.56500000003,179501.0,0.06500000000000017,1.0,0.06103286384976541,11667.565000000031,248106.5,437.2282756181261,True,437.2282756181261,437.2282756181261,191168.56500000003,179501.0,0.06500000000000017,1.0,0.06103286384976541,11667.565000000031,248106.5,437.2282756181261
Q3-LIN,1110,b1,298.0,241.0,0,timeout,True,outputs/q3/_runtime/v2_n100/n100/v2_n100_q3_lin/result.json,outputs/q3/_runtime/v2_n100/n100/v2_n100_q3_lin/layout.json,True,437.2282756181261,437.2282756181261,191168.56500000003,179501.0,0.06500000000000017,1.0,0.06103286384976541,11667.565000000031,248106.5,437.2282756181261,True,437.2282756181261,437.2282756181261,191168.56500000003,179501.0,0.06500000000000017,1.0,0.06103286384976541,11667.565000000031,248106.5,437.2282756181261
Q3-LIN,1110,b10,0.0,396.0,90,timeout,True,outputs/q3/_runtime/v2_n100/n100/v2_n100_q3_lin/result.json,outputs/q3/_runtime/v2_n100/n100/v2_n100_q3_lin/layout.json,True,437.2282756181261,437.2282756181261,191168.56500000003,179501.0,0.06500000000000017,1.0,0.06103286384976541,11667.565000000031,248106.5,437.2282756181261,True,437.2282756181261,437.2282756181261,191168.56500000003,179501.0,0.06500000000000017,1.0,0.06103286384976541,11667.565000000031,248106.5,437.2282756181261
Q3-LIN,1110,b11,50.0,112.0,90,timeout,True,outputs/q3/_runtime/v2_n100/n100/v2_n100_q3_lin/result.json,outputs/q3/_runtime/v2_n100/n100/v2_n100_q3_lin/layout.json,True,437.2282756181261,437.2282756181261,191168.56500000003,179501.0,0.06500000000000017,1.0,0.06103286384976541,11667.565000000031,248106.5,437.2282756181261,True,437.2282756181261,437.2282756181261,191168.56500000003,179501.0,0.06500000000000017,1.0,0.06103286384976541,11667.565000000031,248106.5,437.2282756181261
Q3-LIN,1110,b12,57.0,312.0,0,timeout,True,outputs/q3/_runtime/v2_n100/n100/v2_n100_q3_lin/result.json,outputs/q3/_runtime/v2_n100/n100/v2_n100_q3_lin/layout.json,True,437.2282756181261,437.2282756181261,191168.56500000003,179501.0,0.06500000000000017,1.0,0.06103286384976541,11667.565000000031,248106.5,437.2282756181261,True,437.2282756181261,437.2282756181261,191168.56500000003,179501.0,0.06500000000000017,1.0,0.06103286384976541,11667.565000000031,248106.5,437.2282756181261
Q3-LIN,1110,b13,358.0,61.0,90,timeout,True,outputs/q3/_runtime/v2_n100/n100/v2_n100_q3_lin/result.json,outputs/q3/_runtime/v2_n100/n100/v2_n100_q3_lin/layout.json,True,437.2282756181261,437.2282756181261,191168.56500000003,179501.0,0.06500000000000017,1.0,0.06103286384976541,11667.565000000031,248106.5,437.2282756181261,True,437.2282756181261,437.2282756181261,191168.56500000003,179501.0,0.06500000000000017,1.0,0.06103286384976541,11667.565000000031,248106.5,437.2282756181261
Q3-LIN,1110,b14,253.0,158.0,0,timeout,True,outputs/q3/_runtime/v2_n100/n100/v2_n100_q3_lin/result.json,outputs/q3/_runtime/v2_n100/n100/v2_n100_q3_lin/layout.json,True,437.2282756181261,437.2282756181261,191168.56500000003,179501.0,0.06500000000000017,1.0,0.06103286384976541,11667.565000000031,248106.5,437.2282756181261,True,437.2282756181261,437.2282756181261,191168.56500000003,179501.0,0.06500000000000017,1.0,0.06103286384976541,11667.565000000031,248106.5,437.2282756181261
Q3-LIN,1110,b15,312.0,0.0,90,timeout,True,outputs/q3/_runtime/v2_n100/n100/v2_n100_q3_lin/result.json,outputs/q3/_runtime/v2_n100/n100/v2_n100_q3_lin/layout.json,True,437.2282756181261,437.2282756181261,191168.56500000003,179501.0,0.06500000000000017,1.0,0.06103286384976541,11667.565000000031,248106.5,437.2282756181261,True,437.2282756181261,437.2282756181261,191168.56500000003,179501.0,0.06500000000000017,1.0,0.06103286384976541,11667.565000000031,248106.5,437.2282756181261
Q3-LIN,1110,b16,380.0,331.0,90,timeout,True,outputs/q3/_runtime/v2_n100/n100/v2_n100_q3_lin/result.json,outputs/q3/_runtime/v2_n100/n100/v2_n100_q3_lin/layout.json,True,437.2282756181261,437.2282756181261,191168.56500000003,179501.0,0.06500000000000017,1.0,0.06103286384976541,11667.565000000031,248106.5,437.2282756181261,True,437.2282756181261,437.2282756181261,191168.56500000003,179501.0,0.06500000000000017,1.0,0.06103286384976541,11667.565000000031,248106.5,437.2282756181261
Q3-LIN,1110,b17,220.0,111.0,90,timeout,True,outputs/q3/_runtime/v2_n100/n100/v2_n100_q3_lin/result.json,outputs/q3/_runtime/v2_n100/n100/v2_n100_q3_lin/layout.json,True,437.2282756181261,437.2282756181261,191168.56500000003,179501.0,0.06500000000000017,1.0,0.06103286384976541,11667.565000000031,248106.5,437.2282756181261,True,437.2282756181261,437.2282756181261,191168.56500000003,179501.0,0.06500000000000017,1.0,0.06103286384976541,11667.565000000031,248106.5,437.2282756181261
Q3-LIN,1110,b18,0.0,53.0,90,timeout,True,outputs/q3/_runtime/v2_n100/n100/v2_n100_q3_lin/result.json,outputs/q3/_runtime/v2_n100/n100/v2_n100_q3_lin/layout.json,True,437.2282756181261,437.2282756181261,191168.56500000003,179501.0,0.06500000000000017,1.0,0.06103286384976541,11667.565000000031,248106.5,437.2282756181261,True,437.2282756181261,437.2282756181261,191168.56500000003,179501.0,0.06500000000000017,1.0,0.06103286384976541,11667.565000000031,248106.5,437.2282756181261
Q3-LIN,1110,b19,297.0,313.0,90,timeout,True,outputs/q3/_runtime/v2_n100/n100/v2_n100_q3_lin/result.json,outputs/q3/_runtime/v2_n100/n100/v2_n100_q3_lin/layout.json,True,437.2282756181261,437.2282756181261,191168.56500000003,179501.0,0.06500000000000017,1.0,0.06103286384976541,11667.565000000031,248106.5,437.2282756181261,True,437.2282756181261,437.2282756181261,191168.56500000003,179501.0,0.06500000000000017,1.0,0.06103286384976541,11667.565000000031,248106.5,437.2282756181261
Q3-LIN,1110,b2,49.0,275.0,0,timeout,True,outputs/q3/_runtime/v2_n100/n100/v2_n100_q3_lin/result.json,outputs/q3/_runtime/v2_n100/n100/v2_n100_q3_lin/layout.json,True,437.2282756181261,437.2282756181261,191168.56500000003,179501.0,0.06500000000000017,1.0,0.06103286384976541,11667.565000000031,248106.5,437.2282756181261,True,437.2282756181261,437.2282756181261,191168.56500000003,179501.0,0.06500000000000017,1.0,0.06103286384976541,11667.565000000031,248106.5,437.2282756181261
Q3-LIN,1110,b20,416.0,112.0,90,timeout,True,outputs/q3/_runtime/v2_n100/n100/v2_n100_q3_lin/result.json,outputs/q3/_runtime/v2_n100/n100/v2_n100_q3_lin/layout.json,True,437.2282756181261,437.2282756181261,191168.56500000003,179501.0,0.06500000000000017,1.0,0.06103286384976541,11667.565000000031,248106.5,437.2282756181261,True,437.2282756181261,437.2282756181261,191168.56500000003,179501.0,0.06500000000000017,1.0,0.06103286384976541,11667.565000000031,248106.5,437.2282756181261
Q3-LIN,1110,b21,165.0,61.0,0,timeout,True,outputs/q3/_runtime/v2_n100/n100/v2_n100_q3_lin/result.json,outputs/q3/_runtime/v2_n100/n100/v2_n100_q3_lin/layout.json,True,437.2282756181261,437.2282756181261,191168.56500000003,179501.0,0.06500000000000017,1.0,0.06103286384976541,11667.565000000031,248106.5,437.2282756181261,True,437.2282756181261,437.2282756181261,191168.56500000003,179501.0,0.06500000000000017,1.0,0.06103286384976541,11667.565000000031,248106.5,437.2282756181261
Q3-LIN,1110,b22,0.0,275.0,0,timeout,True,outputs/q3/_runtime/v2_n100/n100/v2_n100_q3_lin/result.json,outputs/q3/_runtime/v2_n100/n100/v2_n100_q3_lin/layout.json,True,437.2282756181261,437.2282756181261,191168.56500000003,179501.0,0.06500000000000017,1.0,0.06103286384976541,11667.565000000031,248106.5,437.2282756181261,True,437.2282756181261,437.2282756181261,191168.56500000003,179501.0,0.06500000000000017,1.0,0.06103286384976541,11667.565000000031,248106.5,437.2282756181261
Q3-LIN,1110,b23,227.0,346.0,90,timeout,True,outputs/q3/_runtime/v2_n100/n100/v2_n100_q3_lin/result.json,outputs/q3/_runtime/v2_n100/n100/v2_n100_q3_lin/layout.json,True,437.2282756181261,437.2282756181261,191168.56500000003,179501.0,0.06500000000000017,1.0,0.06103286384976541,11667.565000000031,248106.5,437.2282756181261,True,437.2282756181261,437.2282756181261,191168.56500000003,179501.0,0.06500000000000017,1.0,0.06103286384976541,11667.565000000031,248106.5,437.2282756181261
Q3-LIN,1110,b24,338.0,278.0,0,timeout,True,outputs/q3/_runtime/v2_n100/n100/v2_n100_q3_lin/result.json,outputs/q3/_runtime/v2_n100/n100/v2_n100_q3_lin/layout.json,True,437.2282756181261,437.2282756181261,191168.56500000003,179501.0,0.06500000000000017,1.0,0.06103286384976541,11667.565000000031,248106.5,437.2282756181261,True,437.2282756181261,437.2282756181261,191168.56500000003,179501.0,0.06500000000000017,1.0,0.06103286384976541,11667.565000000031,248106.5,437.2282756181261
Q3-LIN,1110,b25,109.0,111.0,0,timeout,True,outputs/q3/_runtime/v2_n100/n100/v2_n100_q3_lin/result.json,outputs/q3/_runtime/v2_n100/n100/v2_n100_q3_lin/layout.json,True,437.2282756181261,437.2282756181261,191168.56500000003,179501.0,0.06500000000000017,1.0,0.06103286384976541,11667.565000000031,248106.5,437.2282756181261,True,437.2282756181261,437.2282756181261,191168.56500000003,179501.0,0.06500000000000017,1.0,0.06103286384976541,11667.565000000031,248106.5,437.2282756181261
Q3-LIN,1110,b26,316.0,159.0,0,timeout,True,outputs/q3/_runtime/v2_n100/n100/v2_n100_q3_lin/result.json,outputs/q3/_runtime/v2_n100/n100/v2_n100_q3_lin/layout.json,True,437.2282756181261,437.2282756181261,191168.56500000003,179501.0,0.06500000000000017,1.0,0.06103286384976541,11667.565000000031,248106.5,437.2282756181261,True,437.2282756181261,437.2282756181261,191168.56500000003,179501.0,0.06500000000000017,1.0,0.06103286384976541,11667.565000000031,248106.5,437.2282756181261
Q3-LIN,1110,b27,347.0,306.0,90,timeout,True,outputs/q3/_runtime/v2_n100/n100/v2_n100_q3_lin/result.json,outputs/q3/_runtime/v2_n100/n100/v2_n100_q3_lin/layout.json,True,437.2282756181261,437.2282756181261,191168.56500000003,179501.0,0.06500000000000017,1.0,0.06103286384976541,11667.565000000031,248106.5,437.2282756181261,True,437.2282756181261,437.2282756181261,191168.56500000003,179501.0,0.06500000000000017,1.0,0.06103286384976541,11667.565000000031,248106.5,437.2282756181261
Q3-LIN,1110,b28,387.0,199.0,90,timeout,True,outputs/q3/_runtime/v2_n100/n100/v2_n100_q3_lin/result.json,outputs/q3/_runtime/v2_n100/n100/v2_n100_q3_lin/layout.json,True,437.2282756181261,437.2282756181261,191168.56500000003,179501.0,0.06500000000000017,1.0,0.06103286384976541,11667.565000000031,248106.5,437.2282756181261,True,437.2282756181261,437.2282756181261,191168.56500000003,179501.0,0.06500000000000017,1.0,0.06103286384976541,11667.565000000031,248106.5,437.2282756181261
Q3-LIN,1110,b29,81.0,340.0,90,timeout,True,outputs/q3/_runtime/v2_n100/n100/v2_n100_q3_lin/result.json,outputs/q3/_runtime/v2_n100/n100/v2_n100_q3_lin/layout.json,True,437.2282756181261,437.2282756181261,191168.56500000003,179501.0,0.06500000000000017,1.0,0.06103286384976541,11667.565000000031,248106.5,437.2282756181261,True,437.2282756181261,437.2282756181261,191168.56500000003,179501.0,0.06500000000000017,1.0,0.06103286384976541,11667.565000000031,248106.5,437.2282756181261
Q3-LIN,1110,b3,0.0,238.0,90,timeout,True,outputs/q3/_runtime/v2_n100/n100/v2_n100_q3_lin/result.json,outputs/q3/_runtime/v2_n100/n100/v2_n100_q3_lin/layout.json,True,437.2282756181261,437.2282756181261,191168.56500000003,179501.0,0.06500000000000017,1.0,0.06103286384976541,11667.565000000031,248106.5,437.2282756181261,True,437.2282756181261,437.2282756181261,191168.56500000003,179501.0,0.06500000000000017,1.0,0.06103286384976541,11667.565000000031,248106.5,437.2282756181261
Q3-LIN,1110,b30,412.0,303.0,0,timeout,True,outputs/q3/_runtime/v2_n100/n100/v2_n100_q3_lin/result.json,outputs/q3/_runtime/v2_n100/n100/v2_n100_q3_lin/layout.json,True,437.2282756181261,437.2282756181261,191168.56500000003,179501.0,0.06500000000000017,1.0,0.06103286384976541,11667.565000000031,248106.5,437.2282756181261,True,437.2282756181261,437.2282756181261,191168.56500000003,179501.0,0.06500000000000017,1.0,0.06103286384976541,11667.565000000031,248106.5,437.2282756181261
Q3-LIN,1110,b31,196.0,314.0,90,timeout,True,outputs/q3/_runtime/v2_n100/n100/v2_n100_q3_lin/result.json,outputs/q3/_runtime/v2_n100/n100/v2_n100_q3_lin/layout.json,True,437.2282756181261,437.2282756181261,191168.56500000003,179501.0,0.06500000000000017,1.0,0.06103286384976541,11667.565000000031,248106.5,437.2282756181261,True,437.2282756181261,437.2282756181261,191168.56500000003,179501.0,0.06500000000000017,1.0,0.06103286384976541,11667.565000000031,248106.5,437.2282756181261
Q3-LIN,1110,b32,178.0,200.0,90,timeout,True,outputs/q3/_runtime/v2_n100/n100/v2_n100_q3_lin/result.json,outputs/q3/_runtime/v2_n100/n100/v2_n100_q3_lin/layout.json,True,437.2282756181261,437.2282756181261,191168.56500000003,179501.0,0.06500000000000017,1.0,0.06103286384976541,11667.565000000031,248106.5,437.2282756181261,True,437.2282756181261,437.2282756181261,191168.56500000003,179501.0,0.06500000000000017,1.0,0.06103286384976541,11667.565000000031,248106.5,437.2282756181261
Q3-LIN,1110,b33,268.0,369.0,90,timeout,True,outputs/q3/_runtime/v2_n100/n100/v2_n100_q3_lin/result.json,outputs/q3/_runtime/v2_n100/n100/v2_n100_q3_lin/layout.json,True,437.2282756181261,437.2282756181261,191168.56500000003,179501.0,0.06500000000000017,1.0,0.06103286384976541,11667.565000000031,248106.5,437.2282756181261,True,437.2282756181261,437.2282756181261,191168.56500000003,179501.0,0.06500000000000017,1.0,0.06103286384976541,11667.565000000031,248106.5,437.2282756181261
Q3-LIN,1110,b34,198.0,388.0,90,timeout,True,outputs/q3/_runtime/v2_n100/n100/v2_n100_q3_lin/result.json,outputs/q3/_runtime/v2_n100/n100/v2_n100_q3_lin/layout.json,True,437.2282756181261,437.2282756181261,191168.56500000003,179501.0,0.06500000000000017,1.0,0.06103286384976541,11667.565000000031,248106.5,437.2282756181261,True,437.2282756181261,437.2282756181261,191168.56500000003,179501.0,0.06500000000000017,1.0,0.06103286384976541,11667.565000000031,248106.5,437.2282756181261
Q3-LIN,1110,b35,158.0,313.0,90,timeout,True,outputs/q3/_runtime/v2_n100/n100/v2_n100_q3_lin/result.json,outputs/q3/_runtime/v2_n100/n100/v2_n100_q3_lin/layout.json,True,437.2282756181261,437.2282756181261,191168.56500000003,179501.0,0.06500000000000017,1.0,0.06103286384976541,11667.565000000031,248106.5,437.2282756181261,True,437.2282756181261,437.2282756181261,191168.56500000003,179501.0,0.06500000000000017,1.0,0.06103286384976541,11667.565000000031,248106.5,437.2282756181261
Q3-LIN,1110,b36,231.0,201.0,90,timeout,True,outputs/q3/_runtime/v2_n100/n100/v2_n100_q3_lin/result.json,outputs/q3/_runtime/v2_n100/n100/v2_n100_q3_lin/layout.json,True,437.2282756181261,437.2282756181261,191168.56500000003,179501.0,0.06500000000000017,1.0,0.06103286384976541,11667.565000000031,248106.5,437.2282756181261,True,437.2282756181261,437.2282756181261,191168.56500000003,179501.0,0.06500000000000017,1.0,0.06103286384976541,11667.565000000031,248106.5,437.2282756181261
Q3-LIN,1110,b37,285.0,391.0,90,timeout,True,outputs/q3/_runtime/v2_n100/n100/v2_n100_q3_lin/result.json,outputs/q3/_runtime/v2_n100/n100/v2_n100_q3_lin/layout.json,True,437.2282756181261,437.2282756181261,191168.56500000003,179501.0,0.06500000000000017,1.0,0.06103286384976541,11667.565000000031,248106.5,437.2282756181261,True,437.2282756181261,437.2282756181261,191168.56500000003,179501.0,0.06500000000000017,1.0,0.06103286384976541,11667.565000000031,248106.5,437.2282756181261
Q3-LIN,1110,b38,276.0,346.0,90,timeout,True,outputs/q3/_runtime/v2_n100/n100/v2_n100_q3_lin/result.json,outputs/q3/_runtime/v2_n100/n100/v2_n100_q3_lin/layout.json,True,437.2282756181261,437.2282756181261,191168.56500000003,179501.0,0.06500000000000017,1.0,0.06103286384976541,11667.565000000031,248106.5,437.2282756181261,True,437.2282756181261,437.2282756181261,191168.56500000003,179501.0,0.06500000000000017,1.0,0.06103286384976541,11667.565000000031,248106.5,437.2282756181261
Q3-LIN,1110,b39,51.0,57.0,0,timeout,True,outputs/q3/_runtime/v2_n100/n100/v2_n100_q3_lin/result.json,outputs/q3/_runtime/v2_n100/n100/v2_n100_q3_lin/layout.json,True,437.2282756181261,437.2282756181261,191168.56500000003,179501.0,0.06500000000000017,1.0,0.06103286384976541,11667.565000000031,248106.5,437.2282756181261,True,437.2282756181261,437.2282756181261,191168.56500000003,179501.0,0.06500000000000017,1.0,0.06103286384976541,11667.565000000031,248106.5,437.2282756181261
Q3-LIN,1110,b4,43.0,367.0,90,timeout,True,outputs/q3/_runtime/v2_n100/n100/v2_n100_q3_lin/result.json,outputs/q3/_runtime/v2_n100/n100/v2_n100_q3_lin/layout.json,True,437.2282756181261,437.2282756181261,191168.56500000003,179501.0,0.06500000000000017,1.0,0.06103286384976541,11667.565000000031,248106.5,437.2282756181261,True,437.2282756181261,437.2282756181261,191168.56500000003,179501.0,0.06500000000000017,1.0,0.06103286384976541,11667.565000000031,248106.5,437.2282756181261
Q3-LIN,1110,b40,198.0,340.0,90,timeout,True,outputs/q3/_runtime/v2_n100/n100/v2_n100_q3_lin/result.json,outputs/q3/_runtime/v2_n100/n100/v2_n100_q3_lin/layout.json,True,437.2282756181261,437.2282756181261,191168.56500000003,179501.0,0.06500000000000017,1.0,0.06103286384976541,11667.565000000031,248106.5,437.2282756181261,True,437.2282756181261,437.2282756181261,191168.56500000003,179501.0,0.06500000000000017,1.0,0.06103286384976541,11667.565000000031,248106.5,437.2282756181261
Q3-LIN,1110,b41,143.0,344.0,90,timeout,True,outputs/q3/_runtime/v2_n100/n100/v2_n100_q3_lin/result.json,outputs/q3/_runtime/v2_n100/n100/v2_n100_q3_lin/layout.json,True,437.2282756181261,437.2282756181261,191168.56500000003,179501.0,0.06500000000000017,1.0,0.06103286384976541,11667.565000000031,248106.5,437.2282756181261,True,437.2282756181261,437.2282756181261,191168.56500000003,179501.0,0.06500000000000017,1.0,0.06103286384976541,11667.565000000031,248106.5,437.2282756181261
Q3-LIN,1110,b42,0.0,0.0,0,timeout,True,outputs/q3/_runtime/v2_n100/n100/v2_n100_q3_lin/result.json,outputs/q3/_runtime/v2_n100/n100/v2_n100_q3_lin/layout.json,True,437.2282756181261,437.2282756181261,191168.56500000003,179501.0,0.06500000000000017,1.0,0.06103286384976541,11667.565000000031,248106.5,437.2282756181261,True,437.2282756181261,437.2282756181261,191168.56500000003,179501.0,0.06500000000000017,1.0,0.06103286384976541,11667.565000000031,248106.5,437.2282756181261
Q3-LIN,1110,b43,0.0,192.0,0,timeout,True,outputs/q3/_runtime/v2_n100/n100/v2_n100_q3_lin/result.json,outputs/q3/_runtime/v2_n100/n100/v2_n100_q3_lin/layout.json,True,437.2282756181261,437.2282756181261,191168.56500000003,179501.0,0.06500000000000017,1.0,0.06103286384976541,11667.565000000031,248106.5,437.2282756181261,True,437.2282756181261,437.2282756181261,191168.56500000003,179501.0,0.06500000000000017,1.0,0.06103286384976541,11667.565000000031,248106.5,437.2282756181261
Q3-LIN,1110,b44,351.0,112.0,0,timeout,True,outputs/q3/_runtime/v2_n100/n100/v2_n100_q3_lin/result.json,outputs/q3/_runtime/v2_n100/n100/v2_n100_q3_lin/layout.json,True,437.2282756181261,437.2282756181261,191168.56500000003,179501.0,0.06500000000000017,1.0,0.06103286384976541,11667.565000000031,248106.5,437.2282756181261,True,437.2282756181261,437.2282756181261,191168.56500000003,179501.0,0.06500000000000017,1.0,0.06103286384976541,11667.565000000031,248106.5,437.2282756181261
Q3-LIN,1110,b45,93.0,389.0,90,timeout,True,outputs/q3/_runtime/v2_n100/n100/v2_n100_q3_lin/result.json,outputs/q3/_runtime/v2_n100/n100/v2_n100_q3_lin/layout.json,True,437.2282756181261,437.2282756181261,191168.56500000003,179501.0,0.06500000000000017,1.0,0.06103286384976541,11667.565000000031,248106.5,437.2282756181261,True,437.2282756181261,437.2282756181261,191168.56500000003,179501.0,0.06500000000000017,1.0,0.06103286384976541,11667.565000000031,248106.5,437.2282756181261
Q3-LIN,1110,b46,62.0,367.0,0,timeout,True,outputs/q3/_runtime/v2_n100/n100/v2_n100_q3_lin/result.json,outputs/q3/_runtime/v2_n100/n100/v2_n100_q3_lin/layout.json,True,437.2282756181261,437.2282756181261,191168.56500000003,179501.0,0.06500000000000017,1.0,0.06103286384976541,11667.565000000031,248106.5,437.2282756181261,True,437.2282756181261,437.2282756181261,191168.56500000003,179501.0,0.06500000000000017,1.0,0.06103286384976541,11667.565000000031,248106.5,437.2282756181261
Q3-LIN,1110,b47,152.0,280.0,0,timeout,True,outputs/q3/_runtime/v2_n100/n100/v2_n100_q3_lin/result.json,outputs/q3/_runtime/v2_n100/n100/v2_n100_q3_lin/layout.json,True,437.2282756181261,437.2282756181261,191168.56500000003,179501.0,0.06500000000000017,1.0,0.06103286384976541,11667.565000000031,248106.5,437.2282756181261,True,437.2282756181261,437.2282756181261,191168.56500000003,179501.0,0.06500000000000017,1.0,0.06103286384976541,11667.565000000031,248106.5,437.2282756181261
Q3-LIN,1110,b48,0.0,309.0,0,timeout,True,outputs/q3/_runtime/v2_n100/n100/v2_n100_q3_lin/result.json,outputs/q3/_runtime/v2_n100/n100/v2_n100_q3_lin/layout.json,True,437.2282756181261,437.2282756181261,191168.56500000003,179501.0,0.06500000000000017,1.0,0.06103286384976541,11667.565000000031,248106.5,437.2282756181261,True,437.2282756181261,437.2282756181261,191168.56500000003,179501.0,0.06500000000000017,1.0,0.06103286384976541,11667.565000000031,248106.5,437.2282756181261
Q3-LIN,1110,b49,286.0,111.0,90,timeout,True,outputs/q3/_runtime/v2_n100/n100/v2_n100_q3_lin/result.json,outputs/q3/_runtime/v2_n100/n100/v2_n100_q3_lin/layout.json,True,437.2282756181261,437.2282756181261,191168.56500000003,179501.0,0.06500000000000017,1.0,0.06103286384976541,11667.565000000031,248106.5,437.2282756181261,True,437.2282756181261,437.2282756181261,191168.56500000003,179501.0,0.06500000000000017,1.0,0.06103286384976541,11667.565000000031,248106.5,437.2282756181261
Q3-LIN,1110,b5,129.0,200.0,90,timeout,True,outputs/q3/_runtime/v2_n100/n100/v2_n100_q3_lin/result.json,outputs/q3/_runtime/v2_n100/n100/v2_n100_q3_lin/layout.json,True,437.2282756181261,437.2282756181261,191168.56500000003,179501.0,0.06500000000000017,1.0,0.06103286384976541,11667.565000000031,248106.5,437.2282756181261,True,437.2282756181261,437.2282756181261,191168.56500000003,179501.0,0.06500000000000017,1.0,0.06103286384976541,11667.565000000031,248106.5,437.2282756181261
Q3-LIN,1110,b50,230.0,314.0,0,timeout,True,outputs/q3/_runtime/v2_n100/n100/v2_n100_q3_lin/result.json,outputs/q3/_runtime/v2_n100/n100/v2_n100_q3_lin/layout.json,True,437.2282756181261,437.2282756181261,191168.56500000003,179501.0,0.06500000000000017,1.0,0.06103286384976541,11667.565000000031,248106.5,437.2282756181261,True,437.2282756181261,437.2282756181261,191168.56500000003,179501.0,0.06500000000000017,1.0,0.06103286384976541,11667.565000000031,248106.5,437.2282756181261
Q3-LIN,1110,b51,241.0,240.0,90,timeout,True,outputs/q3/_runtime/v2_n100/n100/v2_n100_q3_lin/result.json,outputs/q3/_runtime/v2_n100/n100/v2_n100_q3_lin/layout.json,True,437.2282756181261,437.2282756181261,191168.56500000003,179501.0,0.06500000000000017,1.0,0.06103286384976541,11667.565000000031,248106.5,437.2282756181261,True,437.2282756181261,437.2282756181261,191168.56500000003,179501.0,0.06500000000000017,1.0,0.06103286384976541,11667.565000000031,248106.5,437.2282756181261
Q3-LIN,1110,b52,98.0,151.0,0,timeout,True,outputs/q3/_runtime/v2_n100/n100/v2_n100_q3_lin/result.json,outputs/q3/_runtime/v2_n100/n100/v2_n100_q3_lin/layout.json,True,437.2282756181261,437.2282756181261,191168.56500000003,179501.0,0.06500000000000017,1.0,0.06103286384976541,11667.565000000031,248106.5,437.2282756181261,True,437.2282756181261,437.2282756181261,191168.56500000003,179501.0,0.06500000000000017,1.0,0.06103286384976541,11667.565000000031,248106.5,437.2282756181261
Q3-LIN,1110,b53,0.0,374.0,0,timeout,True,outputs/q3/_runtime/v2_n100/n100/v2_n100_q3_lin/result.json,outputs/q3/_runtime/v2_n100/n100/v2_n100_q3_lin/layout.json,True,437.2282756181261,437.2282756181261,191168.56500000003,179501.0,0.06500000000000017,1.0,0.06103286384976541,11667.565000000031,248106.5,437.2282756181261,True,437.2282756181261,437.2282756181261,191168.56500000003,179501.0,0.06500000000000017,1.0,0.06103286384976541,11667.565000000031,248106.5,437.2282756181261
Q3-LIN,1110,b54,137.0,388.0,90,timeout,True,outputs/q3/_runtime/v2_n100/n100/v2_n100_q3_lin/result.json,outputs/q3/_runtime/v2_n100/n100/v2_n100_q3_lin/layout.json,True,437.2282756181261,437.2282756181261,191168.56500000003,179501.0,0.06500000000000017,1.0,0.06103286384976541,11667.565000000031,248106.5,437.2282756181261,True,437.2282756181261,437.2282756181261,191168.56500000003,179501.0,0.06500000000000017,1.0,0.06103286384976541,11667.565000000031,248106.5,437.2282756181261
Q3-LIN,1110,b55,217.0,280.0,90,timeout,True,outputs/q3/_runtime/v2_n100/n100/v2_n100_q3_lin/result.json,outputs/q3/_runtime/v2_n100/n100/v2_n100_q3_lin/layout.json,True,437.2282756181261,437.2282756181261,191168.56500000003,179501.0,0.06500000000000017,1.0,0.06103286384976541,11667.565000000031,248106.5,437.2282756181261,True,437.2282756181261,437.2282756181261,191168.56500000003,179501.0,0.06500000000000017,1.0,0.06103286384976541,11667.565000000031,248106.5,437.2282756181261
Q3-LIN,1110,b56,26.0,414.0,90,timeout,True,outputs/q3/_runtime/v2_n100/n100/v2_n100_q3_lin/result.json,outputs/q3/_runtime/v2_n100/n100/v2_n100_q3_lin/layout.json,True,437.2282756181261,437.2282756181261,191168.56500000003,179501.0,0.06500000000000017,1.0,0.06103286384976541,11667.565000000031,248106.5,437.2282756181261,True,437.2282756181261,437.2282756181261,191168.56500000003,179501.0,0.06500000000000017,1.0,0.06103286384976541,11667.565000000031,248106.5,437.2282756181261
Q3-LIN,1110,b57,333.0,344.0,90,timeout,True,outputs/q3/_runtime/v2_n100/n100/v2_n100_q3_lin/result.json,outputs/q3/_runtime/v2_n100/n100/v2_n100_q3_lin/layout.json,True,437.2282756181261,437.2282756181261,191168.56500000003,179501.0,0.06500000000000017,1.0,0.06103286384976541,11667.565000000031,248106.5,437.2282756181261,True,437.2282756181261,437.2282756181261,191168.56500000003,179501.0,0.06500000000000017,1.0,0.06103286384976541,11667.565000000031,248106.5,437.2282756181261
Q3-LIN,1110,b58,67.0,235.0,0,timeout,True,outputs/q3/_runtime/v2_n100/n100/v2_n100_q3_lin/result.json,outputs/q3/_runtime/v2_n100/n100/v2_n100_q3_lin/layout.json,True,437.2282756181261,437.2282756181261,191168.56500000003,179501.0,0.06500000000000017,1.0,0.06103286384976541,11667.565000000031,248106.5,437.2282756181261,True,437.2282756181261,437.2282756181261,191168.56500000003,179501.0,0.06500000000000017,1.0,0.06103286384976541,11667.565000000031,248106.5,437.2282756181261
Q3-LIN,1110,b59,389.0,367.0,90,timeout,True,outputs/q3/_runtime/v2_n100/n100/v2_n100_q3_lin/result.json,outputs/q3/_runtime/v2_n100/n100/v2_n100_q3_lin/layout.json,True,437.2282756181261,437.2282756181261,191168.56500000003,179501.0,0.06500000000000017,1.0,0.06103286384976541,11667.565000000031,248106.5,437.2282756181261,True,437.2282756181261,437.2282756181261,191168.56500000003,179501.0,0.06500000000000017,1.0,0.06103286384976541,11667.565000000031,248106.5,437.2282756181261
Q3-LIN,1110,b6,118.0,313.0,0,timeout,True,outputs/q3/_runtime/v2_n100/n100/v2_n100_q3_lin/result.json,outputs/q3/_runtime/v2_n100/n100/v2_n100_q3_lin/layout.json,True,437.2282756181261,437.2282756181261,191168.56500000003,179501.0,0.06500000000000017,1.0,0.06103286384976541,11667.565000000031,248106.5,437.2282756181261,True,437.2282756181261,437.2282756181261,191168.56500000003,179501.0,0.06500000000000017,1.0,0.06103286384976541,11667.565000000031,248106.5,437.2282756181261
Q3-LIN,1110,b60,101.0,364.0,0,timeout,True,outputs/q3/_runtime/v2_n100/n100/v2_n100_q3_lin/result.json,outputs/q3/_runtime/v2_n100/n100/v2_n100_q3_lin/layout.json,True,437.2282756181261,437.2282756181261,191168.56500000003,179501.0,0.06500000000000017,1.0,0.06103286384976541,11667.565000000031,248106.5,437.2282756181261,True,437.2282756181261,437.2282756181261,191168.56500000003,179501.0,0.06500000000000017,1.0,0.06103286384976541,11667.565000000031,248106.5,437.2282756181261
Q3-LIN,1110,b61,252.0,391.0,0,timeout,True,outputs/q3/_runtime/v2_n100/n100/v2_n100_q3_lin/result.json,outputs/q3/_runtime/v2_n100/n100/v2_n100_q3_lin/layout.json,True,437.2282756181261,437.2282756181261,191168.56500000003,179501.0,0.06500000000000017,1.0,0.06103286384976541,11667.565000000031,248106.5,437.2282756181261,True,437.2282756181261,437.2282756181261,191168.56500000003,179501.0,0.06500000000000017,1.0,0.06103286384976541,11667.565000000031,248106.5,437.2282756181261
Q3-LIN,1110,b62,208.0,366.0,0,timeout,True,outputs/q3/_runtime/v2_n100/n100/v2_n100_q3_lin/result.json,outputs/q3/_runtime/v2_n100/n100/v2_n100_q3_lin/layout.json,True,437.2282756181261,437.2282756181261,191168.56500000003,179501.0,0.06500000000000017,1.0,0.06103286384976541,11667.565000000031,248106.5,437.2282756181261,True,437.2282756181261,437.2282756181261,191168.56500000003,179501.0,0.06500000000000017,1.0,0.06103286384976541,11667.565000000031,248106.5,437.2282756181261
Q3-LIN,1110,b63,342.0,199.0,90,timeout,True,outputs/q3/_runtime/v2_n100/n100/v2_n100_q3_lin/result.json,outputs/q3/_runtime/v2_n100/n100/v2_n100_q3_lin/layout.json,True,437.2282756181261,437.2282756181261,191168.56500000003,179501.0,0.06500000000000017,1.0,0.06103286384976541,11667.565000000031,248106.5,437.2282756181261,True,437.2282756181261,437.2282756181261,191168.56500000003,179501.0,0.06500000000000017,1.0,0.06103286384976541,11667.565000000031,248106.5,437.2282756181261
Q3-LIN,1110,b64,0.0,101.0,0,timeout,True,outputs/q3/_runtime/v2_n100/n100/v2_n100_q3_lin/result.json,outputs/q3/_runtime/v2_n100/n100/v2_n100_q3_lin/layout.json,True,437.2282756181261,437.2282756181261,191168.56500000003,179501.0,0.06500000000000017,1.0,0.06103286384976541,11667.565000000031,248106.5,437.2282756181261,True,437.2282756181261,437.2282756181261,191168.56500000003,179501.0,0.06500000000000017,1.0,0.06103286384976541,11667.565000000031,248106.5,437.2282756181261
Q3-LIN,1110,b65,62.0,0.0,90,timeout,True,outputs/q3/_runtime/v2_n100/n100/v2_n100_q3_lin/result.json,outputs/q3/_runtime/v2_n100/n100/v2_n100_q3_lin/layout.json,True,437.2282756181261,437.2282756181261,191168.56500000003,179501.0,0.06500000000000017,1.0,0.06103286384976541,11667.565000000031,248106.5,437.2282756181261,True,437.2282756181261,437.2282756181261,191168.56500000003,179501.0,0.06500000000000017,1.0,0.06103286384976541,11667.565000000031,248106.5,437.2282756181261
Q3-LIN,1110,b66,118.0,0.0,0,timeout,True,outputs/q3/_runtime/v2_n100/n100/v2_n100_q3_lin/result.json,outputs/q3/_runtime/v2_n100/n100/v2_n100_q3_lin/layout.json,True,437.2282756181261,437.2282756181261,191168.56500000003,179501.0,0.06500000000000017,1.0,0.06103286384976541,11667.565000000031,248106.5,437.2282756181261,True,437.2282756181261,437.2282756181261,191168.56500000003,179501.0,0.06500000000000017,1.0,0.06103286384976541,11667.565000000031,248106.5,437.2282756181261
Q3-LIN,1110,b67,298.0,201.0,0,timeout,True,outputs/q3/_runtime/v2_n100/n100/v2_n100_q3_lin/result.json,outputs/q3/_runtime/v2_n100/n100/v2_n100_q3_lin/layout.json,True,437.2282756181261,437.2282756181261,191168.56500000003,179501.0,0.06500000000000017,1.0,0.06103286384976541,11667.565000000031,248106.5,437.2282756181261,True,437.2282756181261,437.2282756181261,191168.56500000003,179501.0,0.06500000000000017,1.0,0.06103286384976541,11667.565000000031,248106.5,437.2282756181261
Q3-LIN,1110,b68,295.0,59.0,90,timeout,True,outputs/q3/_runtime/v2_n100/n100/v2_n100_q3_lin/result.json,outputs/q3/_runtime/v2_n100/n100/v2_n100_q3_lin/layout.json,True,437.2282756181261,437.2282756181261,191168.56500000003,179501.0,0.06500000000000017,1.0,0.06103286384976541,11667.565000000031,248106.5,437.2282756181261,True,437.2282756181261,437.2282756181261,191168.56500000003,179501.0,0.06500000000000017,1.0,0.06103286384976541,11667.565000000031,248106.5,437.2282756181261
Q3-LIN,1110,b69,27.0,340.0,0,timeout,True,outputs/q3/_runtime/v2_n100/n100/v2_n100_q3_lin/result.json,outputs/q3/_runtime/v2_n100/n100/v2_n100_q3_lin/layout.json,True,437.2282756181261,437.2282756181261,191168.56500000003,179501.0,0.06500000000000017,1.0,0.06103286384976541,11667.565000000031,248106.5,437.2282756181261,True,437.2282756181261,437.2282756181261,191168.56500000003,179501.0,0.06500000000000017,1.0,0.06103286384976541,11667.565000000031,248106.5,437.2282756181261
Q3-LIN,1110,b7,147.0,406.0,90,timeout,True,outputs/q3/_runtime/v2_n100/n100/v2_n100_q3_lin/result.json,outputs/q3/_runtime/v2_n100/n100/v2_n100_q3_lin/layout.json,True,437.2282756181261,437.2282756181261,191168.56500000003,179501.0,0.06500000000000017,1.0,0.06103286384976541,11667.565000000031,248106.5,437.2282756181261,True,437.2282756181261,437.2282756181261,191168.56500000003,179501.0,0.06500000000000017,1.0,0.06103286384976541,11667.565000000031,248106.5,437.2282756181261
Q3-LIN,1110,b70,152.0,158.0,90,timeout,True,outputs/q3/_runtime/v2_n100/n100/v2_n100_q3_lin/result.json,outputs/q3/_runtime/v2_n100/n100/v2_n100_q3_lin/layout.json,True,437.2282756181261,437.2282756181261,191168.56500000003,179501.0,0.06500000000000017,1.0,0.06103286384976541,11667.565000000031,248106.5,437.2282756181261,True,437.2282756181261,437.2282756181261,191168.56500000003,179501.0,0.06500000000000017,1.0,0.06103286384976541,11667.565000000031,248106.5,437.2282756181261
Q3-LIN,1110,b71,303.0,369.0,0,timeout,True,outputs/q3/_runtime/v2_n100/n100/v2_n100_q3_lin/result.json,outputs/q3/_runtime/v2_n100/n100/v2_n100_q3_lin/layout.json,True,437.2282756181261,437.2282756181261,191168.56500000003,179501.0,0.06500000000000017,1.0,0.06103286384976541,11667.565000000031,248106.5,437.2282756181261,True,437.2282756181261,437.2282756181261,191168.56500000003,179501.0,0.06500000000000017,1.0,0.06103286384976541,11667.565000000031,248106.5,437.2282756181261
Q3-LIN,1110,b72,185.0,0.0,0,timeout,True,outputs/q3/_runtime/v2_n100/n100/v2_n100_q3_lin/result.json,outputs/q3/_runtime/v2_n100/n100/v2_n100_q3_lin/layout.json,True,437.2282756181261,437.2282756181261,191168.56500000003,179501.0,0.06500000000000017,1.0,0.06103286384976541,11667.565000000031,248106.5,437.2282756181261,True,437.2282756181261,437.2282756181261,191168.56500000003,179501.0,0.06500000000000017,1.0,0.06103286384976541,11667.565000000031,248106.5,437.2282756181261
Q3-LIN,1110,b73,364.0,0.0,90,timeout,True,outputs/q3/_runtime/v2_n100/n100/v2_n100_q3_lin/result.json,outputs/q3/_runtime/v2_n100/n100/v2_n100_q3_lin/layout.json,True,437.2282756181261,437.2282756181261,191168.56500000003,179501.0,0.06500000000000017,1.0,0.06103286384976541,11667.565000000031,248106.5,437.2282756181261,True,437.2282756181261,437.2282756181261,191168.56500000003,179501.0,0.06500000000000017,1.0,0.06103286384976541,11667.565000000031,248106.5,437.2282756181261
Q3-LIN,1110,b74,0.0,148.0,0,timeout,True,outputs/q3/_runtime/v2_n100/n100/v2_n100_q3_lin/result.json,outputs/q3/_runtime/v2_n100/n100/v2_n100_q3_lin/layout.json,True,437.2282756181261,437.2282756181261,191168.56500000003,179501.0,0.06500000000000017,1.0,0.06103286384976541,11667.565000000031,248106.5,437.2282756181261,True,437.2282756181261,437.2282756181261,191168.56500000003,179501.0,0.06500000000000017,1.0,0.06103286384976541,11667.565000000031,248106.5,437.2282756181261
Q3-LIN,1110,b75,389.0,417.0,90,timeout,True,outputs/q3/_runtime/v2_n100/n100/v2_n100_q3_lin/result.json,outputs/q3/_runtime/v2_n100/n100/v2_n100_q3_lin/layout.json,True,437.2282756181261,437.2282756181261,191168.56500000003,179501.0,0.06500000000000017,1.0,0.06103286384976541,11667.565000000031,248106.5,437.2282756181261,True,437.2282756181261,437.2282756181261,191168.56500000003,179501.0,0.06500000000000017,1.0,0.06103286384976541,11667.565000000031,248106.5,437.2282756181261
Q3-LIN,1110,b76,367.0,367.0,0,timeout,True,outputs/q3/_runtime/v2_n100/n100/v2_n100_q3_lin/result.json,outputs/q3/_runtime/v2_n100/n100/v2_n100_q3_lin/layout.json,True,437.2282756181261,437.2282756181261,191168.56500000003,179501.0,0.06500000000000017,1.0,0.06103286384976541,11667.565000000031,248106.5,437.2282756181261,True,437.2282756181261,437.2282756181261,191168.56500000003,179501.0,0.06500000000000017,1.0,0.06103286384976541,11667.565000000031,248106.5,437.2282756181261
Q3-LIN,1110,b77,246.0,0.0,0,timeout,True,outputs/q3/_runtime/v2_n100/n100/v2_n100_q3_lin/result.json,outputs/q3/_runtime/v2_n100/n100/v2_n100_q3_lin/layout.json,True,437.2282756181261,437.2282756181261,191168.56500000003,179501.0,0.06500000000000017,1.0,0.06103286384976541,11667.565000000031,248106.5,437.2282756181261,True,437.2282756181261,437.2282756181261,191168.56500000003,179501.0,0.06500000000000017,1.0,0.06103286384976541,11667.565000000031,248106.5,437.2282756181261
Q3-LIN,1110,b78,383.0,271.0,0,timeout,True,outputs/q3/_runtime/v2_n100/n100/v2_n100_q3_lin/result.json,outputs/q3/_runtime/v2_n100/n100/v2_n100_q3_lin/layout.json,True,437.2282756181261,437.2282756181261,191168.56500000003,179501.0,0.06500000000000017,1.0,0.06103286384976541,11667.565000000031,248106.5,437.2282756181261,True,437.2282756181261,437.2282756181261,191168.56500000003,179501.0,0.06500000000000017,1.0,0.06103286384976541,11667.565000000031,248106.5,437.2282756181261
Q3-LIN,1110,b79,38.0,151.0,0,timeout,True,outputs/q3/_runtime/v2_n100/n100/v2_n100_q3_lin/result.json,outputs/q3/_runtime/v2_n100/n100/v2_n100_q3_lin/layout.json,True,437.2282756181261,437.2282756181261,191168.56500000003,179501.0,0.06500000000000017,1.0,0.06103286384976541,11667.565000000031,248106.5,437.2282756181261,True,437.2282756181261,437.2282756181261,191168.56500000003,179501.0,0.06500000000000017,1.0,0.06103286384976541,11667.565000000031,248106.5,437.2282756181261
Q3-LIN,1110,b8,103.0,61.0,90,timeout,True,outputs/q3/_runtime/v2_n100/n100/v2_n100_q3_lin/result.json,outputs/q3/_runtime/v2_n100/n100/v2_n100_q3_lin/layout.json,True,437.2282756181261,437.2282756181261,191168.56500000003,179501.0,0.06500000000000017,1.0,0.06103286384976541,11667.565000000031,248106.5,437.2282756181261,True,437.2282756181261,437.2282756181261,191168.56500000003,179501.0,0.06500000000000017,1.0,0.06103286384976541,11667.565000000031,248106.5,437.2282756181261
Q3-LIN,1110,b80,89.0,412.0,90,timeout,True,outputs/q3/_runtime/v2_n100/n100/v2_n100_q3_lin/result.json,outputs/q3/_runtime/v2_n100/n100/v2_n100_q3_lin/layout.json,True,437.2282756181261,437.2282756181261,191168.56500000003,179501.0,0.06500000000000017,1.0,0.06103286384976541,11667.565000000031,248106.5,437.2282756181261,True,437.2282756181261,437.2282756181261,191168.56500000003,179501.0,0.06500000000000017,1.0,0.06103286384976541,11667.565000000031,248106.5,437.2282756181261
Q3-LIN,1110,b81,102.0,272.0,90,timeout,True,outputs/q3/_runtime/v2_n100/n100/v2_n100_q3_lin/result.json,outputs/q3/_runtime/v2_n100/n100/v2_n100_q3_lin/layout.json,True,437.2282756181261,437.2282756181261,191168.56500000003,179501.0,0.06500000000000017,1.0,0.06103286384976541,11667.565000000031,248106.5,437.2282756181261,True,437.2282756181261,437.2282756181261,191168.56500000003,179501.0,0.06500000000000017,1.0,0.06103286384976541,11667.565000000031,248106.5,437.2282756181261
Q3-LIN,1110,b82,163.0,111.0,90,timeout,True,outputs/q3/_runtime/v2_n100/n100/v2_n100_q3_lin/result.json,outputs/q3/_runtime/v2_n100/n100/v2_n100_q3_lin/layout.json,True,437.2282756181261,437.2282756181261,191168.56500000003,179501.0,0.06500000000000017,1.0,0.06103286384976541,11667.565000000031,248106.5,437.2282756181261,True,437.2282756181261,437.2282756181261,191168.56500000003,179501.0,0.06500000000000017,1.0,0.06103286384976541,11667.565000000031,248106.5,437.2282756181261
Q3-LIN,1110,b83,169.0,243.0,90,timeout,True,outputs/q3/_runtime/v2_n100/n100/v2_n100_q3_lin/result.json,outputs/q3/_runtime/v2_n100/n100/v2_n100_q3_lin/layout.json,True,437.2282756181261,437.2282756181261,191168.56500000003,179501.0,0.06500000000000017,1.0,0.06103286384976541,11667.565000000031,248106.5,437.2282756181261,True,437.2282756181261,437.2282756181261,191168.56500000003,179501.0,0.06500000000000017,1.0,0.06103286384976541,11667.565000000031,248106.5,437.2282756181261
Q3-LIN,1110,b84,249.0,415.0,0,timeout,True,outputs/q3/_runtime/v2_n100/n100/v2_n100_q3_lin/result.json,outputs/q3/_runtime/v2_n100/n100/v2_n100_q3_lin/layout.json,True,437.2282756181261,437.2282756181261,191168.56500000003,179501.0,0.06500000000000017,1.0,0.06103286384976541,11667.565000000031,248106.5,437.2282756181261,True,437.2282756181261,437.2282756181261,191168.56500000003,179501.0,0.06500000000000017,1.0,0.06103286384976541,11667.565000000031,248106.5,437.2282756181261
Q3-LIN,1110,b85,363.0,238.0,90,timeout,True,outputs/q3/_runtime/v2_n100/n100/v2_n100_q3_lin/result.json,outputs/q3/_runtime/v2_n100/n100/v2_n100_q3_lin/layout.json,True,437.2282756181261,437.2282756181261,191168.56500000003,179501.0,0.06500000000000017,1.0,0.06103286384976541,11667.565000000031,248106.5,437.2282756181261,True,437.2282756181261,437.2282756181261,191168.56500000003,179501.0,0.06500000000000017,1.0,0.06103286384976541,11667.565000000031,248106.5,437.2282756181261
Q3-LIN,1110,b86,185.0,243.0,0,timeout,True,outputs/q3/_runtime/v2_n100/n100/v2_n100_q3_lin/result.json,outputs/q3/_runtime/v2_n100/n100/v2_n100_q3_lin/layout.json,True,437.2282756181261,437.2282756181261,191168.56500000003,179501.0,0.06500000000000017,1.0,0.06103286384976541,11667.565000000031,248106.5,437.2282756181261,True,437.2282756181261,437.2282756181261,191168.56500000003,179501.0,0.06500000000000017,1.0,0.06103286384976541,11667.565000000031,248106.5,437.2282756181261
Q3-LIN,1110,b87,85.0,196.0,90,timeout,True,outputs/q3/_runtime/v2_n100/n100/v2_n100_q3_lin/result.json,outputs/q3/_runtime/v2_n100/n100/v2_n100_q3_lin/layout.json,True,437.2282756181261,437.2282756181261,191168.56500000003,179501.0,0.06500000000000017,1.0,0.06103286384976541,11667.565000000031,248106.5,437.2282756181261,True,437.2282756181261,437.2282756181261,191168.56500000003,179501.0,0.06500000000000017,1.0,0.06103286384976541,11667.565000000031,248106.5,437.2282756181261
Q3-LIN,1110,b88,61.0,192.0,90,timeout,True,outputs/q3/_runtime/v2_n100/n100/v2_n100_q3_lin/result.json,outputs/q3/_runtime/v2_n100/n100/v2_n100_q3_lin/layout.json,True,437.2282756181261,437.2282756181261,191168.56500000003,179501.0,0.06500000000000017,1.0,0.06103286384976541,11667.565000000031,248106.5,437.2282756181261,True,437.2282756181261,437.2282756181261,191168.56500000003,179501.0,0.06500000000000017,1.0,0.06103286384976541,11667.565000000031,248106.5,437.2282756181261
Q3-LIN,1110,b89,0.0,336.0,90,timeout,True,outputs/q3/_runtime/v2_n100/n100/v2_n100_q3_lin/result.json,outputs/q3/_runtime/v2_n100/n100/v2_n100_q3_lin/layout.json,True,437.2282756181261,437.2282756181261,191168.56500000003,179501.0,0.06500000000000017,1.0,0.06103286384976541,11667.565000000031,248106.5,437.2282756181261,True,437.2282756181261,437.2282756181261,191168.56500000003,179501.0,0.06500000000000017,1.0,0.06103286384976541,11667.565000000031,248106.5,437.2282756181261
Q3-LIN,1110,b9,52.0,396.0,90,timeout,True,outputs/q3/_runtime/v2_n100/n100/v2_n100_q3_lin/result.json,outputs/q3/_runtime/v2_n100/n100/v2_n100_q3_lin/layout.json,True,437.2282756181261,437.2282756181261,191168.56500000003,179501.0,0.06500000000000017,1.0,0.06103286384976541,11667.565000000031,248106.5,437.2282756181261,True,437.2282756181261,437.2282756181261,191168.56500000003,179501.0,0.06500000000000017,1.0,0.06103286384976541,11667.565000000031,248106.5,437.2282756181261
Q3-LIN,1110,b90,388.0,238.0,0,timeout,True,outputs/q3/_runtime/v2_n100/n100/v2_n100_q3_lin/result.json,outputs/q3/_runtime/v2_n100/n100/v2_n100_q3_lin/layout.json,True,437.2282756181261,437.2282756181261,191168.56500000003,179501.0,0.06500000000000017,1.0,0.06103286384976541,11667.565000000031,248106.5,437.2282756181261,True,437.2282756181261,437.2282756181261,191168.56500000003,179501.0,0.06500000000000017,1.0,0.06103286384976541,11667.565000000031,248106.5,437.2282756181261
Q3-LIN,1110,b91,113.0,239.0,0,timeout,True,outputs/q3/_runtime/v2_n100/n100/v2_n100_q3_lin/result.json,outputs/q3/_runtime/v2_n100/n100/v2_n100_q3_lin/layout.json,True,437.2282756181261,437.2282756181261,191168.56500000003,179501.0,0.06500000000000017,1.0,0.06103286384976541,11667.565000000031,248106.5,437.2282756181261,True,437.2282756181261,437.2282756181261,191168.56500000003,179501.0,0.06500000000000017,1.0,0.06103286384976541,11667.565000000031,248106.5,437.2282756181261
Q3-LIN,1110,b92,0.0,414.0,0,timeout,True,outputs/q3/_runtime/v2_n100/n100/v2_n100_q3_lin/result.json,outputs/q3/_runtime/v2_n100/n100/v2_n100_q3_lin/layout.json,True,437.2282756181261,437.2282756181261,191168.56500000003,179501.0,0.06500000000000017,1.0,0.06103286384976541,11667.565000000031,248106.5,437.2282756181261,True,437.2282756181261,437.2282756181261,191168.56500000003,179501.0,0.06500000000000017,1.0,0.06103286384976541,11667.565000000031,248106.5,437.2282756181261
Q3-LIN,1110,b93,273.0,278.0,0,timeout,True,outputs/q3/_runtime/v2_n100/n100/v2_n100_q3_lin/result.json,outputs/q3/_runtime/v2_n100/n100/v2_n100_q3_lin/layout.json,True,437.2282756181261,437.2282756181261,191168.56500000003,179501.0,0.06500000000000017,1.0,0.06103286384976541,11667.565000000031,248106.5,437.2282756181261,True,437.2282756181261,437.2282756181261,191168.56500000003,179501.0,0.06500000000000017,1.0,0.06103286384976541,11667.565000000031,248106.5,437.2282756181261
Q3-LIN,1110,b94,194.0,158.0,90,timeout,True,outputs/q3/_runtime/v2_n100/n100/v2_n100_q3_lin/result.json,outputs/q3/_runtime/v2_n100/n100/v2_n100_q3_lin/layout.json,True,437.2282756181261,437.2282756181261,191168.56500000003,179501.0,0.06500000000000017,1.0,0.06103286384976541,11667.565000000031,248106.5,437.2282756181261,True,437.2282756181261,437.2282756181261,191168.56500000003,179501.0,0.06500000000000017,1.0,0.06103286384976541,11667.565000000031,248106.5,437.2282756181261
Q3-LIN,1110,b95,415.0,61.0,90,timeout,True,outputs/q3/_runtime/v2_n100/n100/v2_n100_q3_lin/result.json,outputs/q3/_runtime/v2_n100/n100/v2_n100_q3_lin/layout.json,True,437.2282756181261,437.2282756181261,191168.56500000003,179501.0,0.06500000000000017,1.0,0.06103286384976541,11667.565000000031,248106.5,437.2282756181261,True,437.2282756181261,437.2282756181261,191168.56500000003,179501.0,0.06500000000000017,1.0,0.06103286384976541,11667.565000000031,248106.5,437.2282756181261
Q3-LIN,1110,b96,371.0,159.0,90,timeout,True,outputs/q3/_runtime/v2_n100/n100/v2_n100_q3_lin/result.json,outputs/q3/_runtime/v2_n100/n100/v2_n100_q3_lin/layout.json,True,437.2282756181261,437.2282756181261,191168.56500000003,179501.0,0.06500000000000017,1.0,0.06103286384976541,11667.565000000031,248106.5,437.2282756181261,True,437.2282756181261,437.2282756181261,191168.56500000003,179501.0,0.06500000000000017,1.0,0.06103286384976541,11667.565000000031,248106.5,437.2282756181261
Q3-LIN,1110,b97,141.0,371.0,90,timeout,True,outputs/q3/_runtime/v2_n100/n100/v2_n100_q3_lin/result.json,outputs/q3/_runtime/v2_n100/n100/v2_n100_q3_lin/layout.json,True,437.2282756181261,437.2282756181261,191168.56500000003,179501.0,0.06500000000000017,1.0,0.06103286384976541,11667.565000000031,248106.5,437.2282756181261,True,437.2282756181261,437.2282756181261,191168.56500000003,179501.0,0.06500000000000017,1.0,0.06103286384976541,11667.565000000031,248106.5,437.2282756181261
Q3-LIN,1110,b98,187.0,415.0,90,timeout,True,outputs/q3/_runtime/v2_n100/n100/v2_n100_q3_lin/result.json,outputs/q3/_runtime/v2_n100/n100/v2_n100_q3_lin/layout.json,True,437.2282756181261,437.2282756181261,191168.56500000003,179501.0,0.06500000000000017,1.0,0.06103286384976541,11667.565000000031,248106.5,437.2282756181261,True,437.2282756181261,437.2282756181261,191168.56500000003,179501.0,0.06500000000000017,1.0,0.06103286384976541,11667.565000000031,248106.5,437.2282756181261
Q3-LIN,1110,b99,229.0,61.0,90,timeout,True,outputs/q3/_runtime/v2_n100/n100/v2_n100_q3_lin/result.json,outputs/q3/_runtime/v2_n100/n100/v2_n100_q3_lin/layout.json,True,437.2282756181261,437.2282756181261,191168.56500000003,179501.0,0.06500000000000017,1.0,0.06103286384976541,11667.565000000031,248106.5,437.2282756181261,True,437.2282756181261,437.2282756181261,191168.56500000003,179501.0,0.06500000000000017,1.0,0.06103286384976541,11667.565000000031,248106.5,437.2282756181261
Q3-CONT-R,1110,b0,345.0,400.0,0,timeout,True,outputs/q3/_runtime/v2_n100/n100/v2_n100_q3_cont_r/result.json,outputs/q3/_runtime/v2_n100/n100/v2_n100_q3_cont_r/layout.json,True,437.3565514828834,437.3565514828834,191280.75312500002,179501.0,0.0656250000000001,1.0,0.061583577712610055,11779.753125000017,248106.5,437.3565514828834,True,437.3565514828834,437.3565514828834,191280.75312500002,179501.0,0.0656250000000001,1.0,0.061583577712610055,11779.753125000017,248106.5,437.3565514828834
Q3-CONT-R,1110,b1,298.0,241.0,0,timeout,True,outputs/q3/_runtime/v2_n100/n100/v2_n100_q3_cont_r/result.json,outputs/q3/_runtime/v2_n100/n100/v2_n100_q3_cont_r/layout.json,True,437.3565514828834,437.3565514828834,191280.75312500002,179501.0,0.0656250000000001,1.0,0.061583577712610055,11779.753125000017,248106.5,437.3565514828834,True,437.3565514828834,437.3565514828834,191280.75312500002,179501.0,0.0656250000000001,1.0,0.061583577712610055,11779.753125000017,248106.5,437.3565514828834
Q3-CONT-R,1110,b10,0.0,396.0,90,timeout,True,outputs/q3/_runtime/v2_n100/n100/v2_n100_q3_cont_r/result.json,outputs/q3/_runtime/v2_n100/n100/v2_n100_q3_cont_r/layout.json,True,437.3565514828834,437.3565514828834,191280.75312500002,179501.0,0.0656250000000001,1.0,0.061583577712610055,11779.753125000017,248106.5,437.3565514828834,True,437.3565514828834,437.3565514828834,191280.75312500002,179501.0,0.0656250000000001,1.0,0.061583577712610055,11779.753125000017,248106.5,437.3565514828834
Q3-CONT-R,1110,b11,50.0,112.0,90,timeout,True,outputs/q3/_runtime/v2_n100/n100/v2_n100_q3_cont_r/result.json,outputs/q3/_runtime/v2_n100/n100/v2_n100_q3_cont_r/layout.json,True,437.3565514828834,437.3565514828834,191280.75312500002,179501.0,0.0656250000000001,1.0,0.061583577712610055,11779.753125000017,248106.5,437.3565514828834,True,437.3565514828834,437.3565514828834,191280.75312500002,179501.0,0.0656250000000001,1.0,0.061583577712610055,11779.753125000017,248106.5,437.3565514828834
Q3-CONT-R,1110,b12,57.0,312.0,0,timeout,True,outputs/q3/_runtime/v2_n100/n100/v2_n100_q3_cont_r/result.json,outputs/q3/_runtime/v2_n100/n100/v2_n100_q3_cont_r/layout.json,True,437.3565514828834,437.3565514828834,191280.75312500002,179501.0,0.0656250000000001,1.0,0.061583577712610055,11779.753125000017,248106.5,437.3565514828834,True,437.3565514828834,437.3565514828834,191280.75312500002,179501.0,0.0656250000000001,1.0,0.061583577712610055,11779.753125000017,248106.5,437.3565514828834
Q3-CONT-R,1110,b13,358.0,61.0,90,timeout,True,outputs/q3/_runtime/v2_n100/n100/v2_n100_q3_cont_r/result.json,outputs/q3/_runtime/v2_n100/n100/v2_n100_q3_cont_r/layout.json,True,437.3565514828834,437.3565514828834,191280.75312500002,179501.0,0.0656250000000001,1.0,0.061583577712610055,11779.753125000017,248106.5,437.3565514828834,True,437.3565514828834,437.3565514828834,191280.75312500002,179501.0,0.0656250000000001,1.0,0.061583577712610055,11779.753125000017,248106.5,437.3565514828834
Q3-CONT-R,1110,b14,253.0,158.0,0,timeout,True,outputs/q3/_runtime/v2_n100/n100/v2_n100_q3_cont_r/result.json,outputs/q3/_runtime/v2_n100/n100/v2_n100_q3_cont_r/layout.json,True,437.3565514828834,437.3565514828834,191280.75312500002,179501.0,0.0656250000000001,1.0,0.061583577712610055,11779.753125000017,248106.5,437.3565514828834,True,437.3565514828834,437.3565514828834,191280.75312500002,179501.0,0.0656250000000001,1.0,0.061583577712610055,11779.753125000017,248106.5,437.3565514828834
Q3-CONT-R,1110,b15,312.0,0.0,90,timeout,True,outputs/q3/_runtime/v2_n100/n100/v2_n100_q3_cont_r/result.json,outputs/q3/_runtime/v2_n100/n100/v2_n100_q3_cont_r/layout.json,True,437.3565514828834,437.3565514828834,191280.75312500002,179501.0,0.0656250000000001,1.0,0.061583577712610055,11779.753125000017,248106.5,437.3565514828834,True,437.3565514828834,437.3565514828834,191280.75312500002,179501.0,0.0656250000000001,1.0,0.061583577712610055,11779.753125000017,248106.5,437.3565514828834
Q3-CONT-R,1110,b16,380.0,331.0,90,timeout,True,outputs/q3/_runtime/v2_n100/n100/v2_n100_q3_cont_r/result.json,outputs/q3/_runtime/v2_n100/n100/v2_n100_q3_cont_r/layout.json,True,437.3565514828834,437.3565514828834,191280.75312500002,179501.0,0.0656250000000001,1.0,0.061583577712610055,11779.753125000017,248106.5,437.3565514828834,True,437.3565514828834,437.3565514828834,191280.75312500002,179501.0,0.0656250000000001,1.0,0.061583577712610055,11779.753125000017,248106.5,437.3565514828834
Q3-CONT-R,1110,b17,220.0,111.0,90,timeout,True,outputs/q3/_runtime/v2_n100/n100/v2_n100_q3_cont_r/result.json,outputs/q3/_runtime/v2_n100/n100/v2_n100_q3_cont_r/layout.json,True,437.3565514828834,437.3565514828834,191280.75312500002,179501.0,0.0656250000000001,1.0,0.061583577712610055,11779.753125000017,248106.5,437.3565514828834,True,437.3565514828834,437.3565514828834,191280.75312500002,179501.0,0.0656250000000001,1.0,0.061583577712610055,11779.753125000017,248106.5,437.3565514828834
Q3-CONT-R,1110,b18,0.0,53.0,90,timeout,True,outputs/q3/_runtime/v2_n100/n100/v2_n100_q3_cont_r/result.json,outputs/q3/_runtime/v2_n100/n100/v2_n100_q3_cont_r/layout.json,True,437.3565514828834,437.3565514828834,191280.75312500002,179501.0,0.0656250000000001,1.0,0.061583577712610055,11779.753125000017,248106.5,437.3565514828834,True,437.3565514828834,437.3565514828834,191280.75312500002,179501.0,0.0656250000000001,1.0,0.061583577712610055,11779.753125000017,248106.5,437.3565514828834
Q3-CONT-R,1110,b19,297.0,313.0,90,timeout,True,outputs/q3/_runtime/v2_n100/n100/v2_n100_q3_cont_r/result.json,outputs/q3/_runtime/v2_n100/n100/v2_n100_q3_cont_r/layout.json,True,437.3565514828834,437.3565514828834,191280.75312500002,179501.0,0.0656250000000001,1.0,0.061583577712610055,11779.753125000017,248106.5,437.3565514828834,True,437.3565514828834,437.3565514828834,191280.75312500002,179501.0,0.0656250000000001,1.0,0.061583577712610055,11779.753125000017,248106.5,437.3565514828834
Q3-CONT-R,1110,b2,49.0,275.0,0,timeout,True,outputs/q3/_runtime/v2_n100/n100/v2_n100_q3_cont_r/result.json,outputs/q3/_runtime/v2_n100/n100/v2_n100_q3_cont_r/layout.json,True,437.3565514828834,437.3565514828834,191280.75312500002,179501.0,0.0656250000000001,1.0,0.061583577712610055,11779.753125000017,248106.5,437.3565514828834,True,437.3565514828834,437.3565514828834,191280.75312500002,179501.0,0.0656250000000001,1.0,0.061583577712610055,11779.753125000017,248106.5,437.3565514828834
Q3-CONT-R,1110,b20,416.0,112.0,90,timeout,True,outputs/q3/_runtime/v2_n100/n100/v2_n100_q3_cont_r/result.json,outputs/q3/_runtime/v2_n100/n100/v2_n100_q3_cont_r/layout.json,True,437.3565514828834,437.3565514828834,191280.75312500002,179501.0,0.0656250000000001,1.0,0.061583577712610055,11779.753125000017,248106.5,437.3565514828834,True,437.3565514828834,437.3565514828834,191280.75312500002,179501.0,0.0656250000000001,1.0,0.061583577712610055,11779.753125000017,248106.5,437.3565514828834
Q3-CONT-R,1110,b21,165.0,61.0,0,timeout,True,outputs/q3/_runtime/v2_n100/n100/v2_n100_q3_cont_r/result.json,outputs/q3/_runtime/v2_n100/n100/v2_n100_q3_cont_r/layout.json,True,437.3565514828834,437.3565514828834,191280.75312500002,179501.0,0.0656250000000001,1.0,0.061583577712610055,11779.753125000017,248106.5,437.3565514828834,True,437.3565514828834,437.3565514828834,191280.75312500002,179501.0,0.0656250000000001,1.0,0.061583577712610055,11779.753125000017,248106.5,437.3565514828834
Q3-CONT-R,1110,b22,0.0,275.0,0,timeout,True,outputs/q3/_runtime/v2_n100/n100/v2_n100_q3_cont_r/result.json,outputs/q3/_runtime/v2_n100/n100/v2_n100_q3_cont_r/layout.json,True,437.3565514828834,437.3565514828834,191280.75312500002,179501.0,0.0656250000000001,1.0,0.061583577712610055,11779.753125000017,248106.5,437.3565514828834,True,437.3565514828834,437.3565514828834,191280.75312500002,179501.0,0.0656250000000001,1.0,0.061583577712610055,11779.753125000017,248106.5,437.3565514828834
Q3-CONT-R,1110,b23,227.0,346.0,90,timeout,True,outputs/q3/_runtime/v2_n100/n100/v2_n100_q3_cont_r/result.json,outputs/q3/_runtime/v2_n100/n100/v2_n100_q3_cont_r/layout.json,True,437.3565514828834,437.3565514828834,191280.75312500002,179501.0,0.0656250000000001,1.0,0.061583577712610055,11779.753125000017,248106.5,437.3565514828834,True,437.3565514828834,437.3565514828834,191280.75312500002,179501.0,0.0656250000000001,1.0,0.061583577712610055,11779.753125000017,248106.5,437.3565514828834
Q3-CONT-R,1110,b24,338.0,278.0,0,timeout,True,outputs/q3/_runtime/v2_n100/n100/v2_n100_q3_cont_r/result.json,outputs/q3/_runtime/v2_n100/n100/v2_n100_q3_cont_r/layout.json,True,437.3565514828834,437.3565514828834,191280.75312500002,179501.0,0.0656250000000001,1.0,0.061583577712610055,11779.753125000017,248106.5,437.3565514828834,True,437.3565514828834,437.3565514828834,191280.75312500002,179501.0,0.0656250000000001,1.0,0.061583577712610055,11779.753125000017,248106.5,437.3565514828834
Q3-CONT-R,1110,b25,109.0,111.0,0,timeout,True,outputs/q3/_runtime/v2_n100/n100/v2_n100_q3_cont_r/result.json,outputs/q3/_runtime/v2_n100/n100/v2_n100_q3_cont_r/layout.json,True,437.3565514828834,437.3565514828834,191280.75312500002,179501.0,0.0656250000000001,1.0,0.061583577712610055,11779.753125000017,248106.5,437.3565514828834,True,437.3565514828834,437.3565514828834,191280.75312500002,179501.0,0.0656250000000001,1.0,0.061583577712610055,11779.753125000017,248106.5,437.3565514828834
Q3-CONT-R,1110,b26,316.0,159.0,0,timeout,True,outputs/q3/_runtime/v2_n100/n100/v2_n100_q3_cont_r/result.json,outputs/q3/_runtime/v2_n100/n100/v2_n100_q3_cont_r/layout.json,True,437.3565514828834,437.3565514828834,191280.75312500002,179501.0,0.0656250000000001,1.0,0.061583577712610055,11779.753125000017,248106.5,437.3565514828834,True,437.3565514828834,437.3565514828834,191280.75312500002,179501.0,0.0656250000000001,1.0,0.061583577712610055,11779.753125000017,248106.5,437.3565514828834
Q3-CONT-R,1110,b27,347.0,306.0,90,timeout,True,outputs/q3/_runtime/v2_n100/n100/v2_n100_q3_cont_r/result.json,outputs/q3/_runtime/v2_n100/n100/v2_n100_q3_cont_r/layout.json,True,437.3565514828834,437.3565514828834,191280.75312500002,179501.0,0.0656250000000001,1.0,0.061583577712610055,11779.753125000017,248106.5,437.3565514828834,True,437.3565514828834,437.3565514828834,191280.75312500002,179501.0,0.0656250000000001,1.0,0.061583577712610055,11779.753125000017,248106.5,437.3565514828834
Q3-CONT-R,1110,b28,387.0,199.0,90,timeout,True,outputs/q3/_runtime/v2_n100/n100/v2_n100_q3_cont_r/result.json,outputs/q3/_runtime/v2_n100/n100/v2_n100_q3_cont_r/layout.json,True,437.3565514828834,437.3565514828834,191280.75312500002,179501.0,0.0656250000000001,1.0,0.061583577712610055,11779.753125000017,248106.5,437.3565514828834,True,437.3565514828834,437.3565514828834,191280.75312500002,179501.0,0.0656250000000001,1.0,0.061583577712610055,11779.753125000017,248106.5,437.3565514828834
Q3-CONT-R,1110,b29,81.0,340.0,90,timeout,True,outputs/q3/_runtime/v2_n100/n100/v2_n100_q3_cont_r/result.json,outputs/q3/_runtime/v2_n100/n100/v2_n100_q3_cont_r/layout.json,True,437.3565514828834,437.3565514828834,191280.75312500002,179501.0,0.0656250000000001,1.0,0.061583577712610055,11779.753125000017,248106.5,437.3565514828834,True,437.3565514828834,437.3565514828834,191280.75312500002,179501.0,0.0656250000000001,1.0,0.061583577712610055,11779.753125000017,248106.5,437.3565514828834
Q3-CONT-R,1110,b3,0.0,238.0,90,timeout,True,outputs/q3/_runtime/v2_n100/n100/v2_n100_q3_cont_r/result.json,outputs/q3/_runtime/v2_n100/n100/v2_n100_q3_cont_r/layout.json,True,437.3565514828834,437.3565514828834,191280.75312500002,179501.0,0.0656250000000001,1.0,0.061583577712610055,11779.753125000017,248106.5,437.3565514828834,True,437.3565514828834,437.3565514828834,191280.75312500002,179501.0,0.0656250000000001,1.0,0.061583577712610055,11779.753125000017,248106.5,437.3565514828834
Q3-CONT-R,1110,b30,412.0,303.0,0,timeout,True,outputs/q3/_runtime/v2_n100/n100/v2_n100_q3_cont_r/result.json,outputs/q3/_runtime/v2_n100/n100/v2_n100_q3_cont_r/layout.json,True,437.3565514828834,437.3565514828834,191280.75312500002,179501.0,0.0656250000000001,1.0,0.061583577712610055,11779.753125000017,248106.5,437.3565514828834,True,437.3565514828834,437.3565514828834,191280.75312500002,179501.0,0.0656250000000001,1.0,0.061583577712610055,11779.753125000017,248106.5,437.3565514828834
Q3-CONT-R,1110,b31,196.0,314.0,90,timeout,True,outputs/q3/_runtime/v2_n100/n100/v2_n100_q3_cont_r/result.json,outputs/q3/_runtime/v2_n100/n100/v2_n100_q3_cont_r/layout.json,True,437.3565514828834,437.3565514828834,191280.75312500002,179501.0,0.0656250000000001,1.0,0.061583577712610055,11779.753125000017,248106.5,437.3565514828834,True,437.3565514828834,437.3565514828834,191280.75312500002,179501.0,0.0656250000000001,1.0,0.061583577712610055,11779.753125000017,248106.5,437.3565514828834
Q3-CONT-R,1110,b32,178.0,200.0,90,timeout,True,outputs/q3/_runtime/v2_n100/n100/v2_n100_q3_cont_r/result.json,outputs/q3/_runtime/v2_n100/n100/v2_n100_q3_cont_r/layout.json,True,437.3565514828834,437.3565514828834,191280.75312500002,179501.0,0.0656250000000001,1.0,0.061583577712610055,11779.753125000017,248106.5,437.3565514828834,True,437.3565514828834,437.3565514828834,191280.75312500002,179501.0,0.0656250000000001,1.0,0.061583577712610055,11779.753125000017,248106.5,437.3565514828834
Q3-CONT-R,1110,b33,268.0,369.0,90,timeout,True,outputs/q3/_runtime/v2_n100/n100/v2_n100_q3_cont_r/result.json,outputs/q3/_runtime/v2_n100/n100/v2_n100_q3_cont_r/layout.json,True,437.3565514828834,437.3565514828834,191280.75312500002,179501.0,0.0656250000000001,1.0,0.061583577712610055,11779.753125000017,248106.5,437.3565514828834,True,437.3565514828834,437.3565514828834,191280.75312500002,179501.0,0.0656250000000001,1.0,0.061583577712610055,11779.753125000017,248106.5,437.3565514828834
Q3-CONT-R,1110,b34,198.0,388.0,90,timeout,True,outputs/q3/_runtime/v2_n100/n100/v2_n100_q3_cont_r/result.json,outputs/q3/_runtime/v2_n100/n100/v2_n100_q3_cont_r/layout.json,True,437.3565514828834,437.3565514828834,191280.75312500002,179501.0,0.0656250000000001,1.0,0.061583577712610055,11779.753125000017,248106.5,437.3565514828834,True,437.3565514828834,437.3565514828834,191280.75312500002,179501.0,0.0656250000000001,1.0,0.061583577712610055,11779.753125000017,248106.5,437.3565514828834
Q3-CONT-R,1110,b35,158.0,313.0,90,timeout,True,outputs/q3/_runtime/v2_n100/n100/v2_n100_q3_cont_r/result.json,outputs/q3/_runtime/v2_n100/n100/v2_n100_q3_cont_r/layout.json,True,437.3565514828834,437.3565514828834,191280.75312500002,179501.0,0.0656250000000001,1.0,0.061583577712610055,11779.753125000017,248106.5,437.3565514828834,True,437.3565514828834,437.3565514828834,191280.75312500002,179501.0,0.0656250000000001,1.0,0.061583577712610055,11779.753125000017,248106.5,437.3565514828834
Q3-CONT-R,1110,b36,231.0,201.0,90,timeout,True,outputs/q3/_runtime/v2_n100/n100/v2_n100_q3_cont_r/result.json,outputs/q3/_runtime/v2_n100/n100/v2_n100_q3_cont_r/layout.json,True,437.3565514828834,437.3565514828834,191280.75312500002,179501.0,0.0656250000000001,1.0,0.061583577712610055,11779.753125000017,248106.5,437.3565514828834,True,437.3565514828834,437.3565514828834,191280.75312500002,179501.0,0.0656250000000001,1.0,0.061583577712610055,11779.753125000017,248106.5,437.3565514828834
Q3-CONT-R,1110,b37,285.0,391.0,90,timeout,True,outputs/q3/_runtime/v2_n100/n100/v2_n100_q3_cont_r/result.json,outputs/q3/_runtime/v2_n100/n100/v2_n100_q3_cont_r/layout.json,True,437.3565514828834,437.3565514828834,191280.75312500002,179501.0,0.0656250000000001,1.0,0.061583577712610055,11779.753125000017,248106.5,437.3565514828834,True,437.3565514828834,437.3565514828834,191280.75312500002,179501.0,0.0656250000000001,1.0,0.061583577712610055,11779.753125000017,248106.5,437.3565514828834
Q3-CONT-R,1110,b38,276.0,346.0,90,timeout,True,outputs/q3/_runtime/v2_n100/n100/v2_n100_q3_cont_r/result.json,outputs/q3/_runtime/v2_n100/n100/v2_n100_q3_cont_r/layout.json,True,437.3565514828834,437.3565514828834,191280.75312500002,179501.0,0.0656250000000001,1.0,0.061583577712610055,11779.753125000017,248106.5,437.3565514828834,True,437.3565514828834,437.3565514828834,191280.75312500002,179501.0,0.0656250000000001,1.0,0.061583577712610055,11779.753125000017,248106.5,437.3565514828834
Q3-CONT-R,1110,b39,51.0,57.0,0,timeout,True,outputs/q3/_runtime/v2_n100/n100/v2_n100_q3_cont_r/result.json,outputs/q3/_runtime/v2_n100/n100/v2_n100_q3_cont_r/layout.json,True,437.3565514828834,437.3565514828834,191280.75312500002,179501.0,0.0656250000000001,1.0,0.061583577712610055,11779.753125000017,248106.5,437.3565514828834,True,437.3565514828834,437.3565514828834,191280.75312500002,179501.0,0.0656250000000001,1.0,0.061583577712610055,11779.753125000017,248106.5,437.3565514828834
Q3-CONT-R,1110,b4,43.0,367.0,90,timeout,True,outputs/q3/_runtime/v2_n100/n100/v2_n100_q3_cont_r/result.json,outputs/q3/_runtime/v2_n100/n100/v2_n100_q3_cont_r/layout.json,True,437.3565514828834,437.3565514828834,191280.75312500002,179501.0,0.0656250000000001,1.0,0.061583577712610055,11779.753125000017,248106.5,437.3565514828834,True,437.3565514828834,437.3565514828834,191280.75312500002,179501.0,0.0656250000000001,1.0,0.061583577712610055,11779.753125000017,248106.5,437.3565514828834
Q3-CONT-R,1110,b40,198.0,340.0,90,timeout,True,outputs/q3/_runtime/v2_n100/n100/v2_n100_q3_cont_r/result.json,outputs/q3/_runtime/v2_n100/n100/v2_n100_q3_cont_r/layout.json,True,437.3565514828834,437.3565514828834,191280.75312500002,179501.0,0.0656250000000001,1.0,0.061583577712610055,11779.753125000017,248106.5,437.3565514828834,True,437.3565514828834,437.3565514828834,191280.75312500002,179501.0,0.0656250000000001,1.0,0.061583577712610055,11779.753125000017,248106.5,437.3565514828834
Q3-CONT-R,1110,b41,143.0,344.0,90,timeout,True,outputs/q3/_runtime/v2_n100/n100/v2_n100_q3_cont_r/result.json,outputs/q3/_runtime/v2_n100/n100/v2_n100_q3_cont_r/layout.json,True,437.3565514828834,437.3565514828834,191280.75312500002,179501.0,0.0656250000000001,1.0,0.061583577712610055,11779.753125000017,248106.5,437.3565514828834,True,437.3565514828834,437.3565514828834,191280.75312500002,179501.0,0.0656250000000001,1.0,0.061583577712610055,11779.753125000017,248106.5,437.3565514828834
Q3-CONT-R,1110,b42,0.0,0.0,0,timeout,True,outputs/q3/_runtime/v2_n100/n100/v2_n100_q3_cont_r/result.json,outputs/q3/_runtime/v2_n100/n100/v2_n100_q3_cont_r/layout.json,True,437.3565514828834,437.3565514828834,191280.75312500002,179501.0,0.0656250000000001,1.0,0.061583577712610055,11779.753125000017,248106.5,437.3565514828834,True,437.3565514828834,437.3565514828834,191280.75312500002,179501.0,0.0656250000000001,1.0,0.061583577712610055,11779.753125000017,248106.5,437.3565514828834
Q3-CONT-R,1110,b43,0.0,192.0,0,timeout,True,outputs/q3/_runtime/v2_n100/n100/v2_n100_q3_cont_r/result.json,outputs/q3/_runtime/v2_n100/n100/v2_n100_q3_cont_r/layout.json,True,437.3565514828834,437.3565514828834,191280.75312500002,179501.0,0.0656250000000001,1.0,0.061583577712610055,11779.753125000017,248106.5,437.3565514828834,True,437.3565514828834,437.3565514828834,191280.75312500002,179501.0,0.0656250000000001,1.0,0.061583577712610055,11779.753125000017,248106.5,437.3565514828834
Q3-CONT-R,1110,b44,351.0,112.0,0,timeout,True,outputs/q3/_runtime/v2_n100/n100/v2_n100_q3_cont_r/result.json,outputs/q3/_runtime/v2_n100/n100/v2_n100_q3_cont_r/layout.json,True,437.3565514828834,437.3565514828834,191280.75312500002,179501.0,0.0656250000000001,1.0,0.061583577712610055,11779.753125000017,248106.5,437.3565514828834,True,437.3565514828834,437.3565514828834,191280.75312500002,179501.0,0.0656250000000001,1.0,0.061583577712610055,11779.753125000017,248106.5,437.3565514828834
Q3-CONT-R,1110,b45,93.0,389.0,90,timeout,True,outputs/q3/_runtime/v2_n100/n100/v2_n100_q3_cont_r/result.json,outputs/q3/_runtime/v2_n100/n100/v2_n100_q3_cont_r/layout.json,True,437.3565514828834,437.3565514828834,191280.75312500002,179501.0,0.0656250000000001,1.0,0.061583577712610055,11779.753125000017,248106.5,437.3565514828834,True,437.3565514828834,437.3565514828834,191280.75312500002,179501.0,0.0656250000000001,1.0,0.061583577712610055,11779.753125000017,248106.5,437.3565514828834
Q3-CONT-R,1110,b46,62.0,367.0,0,timeout,True,outputs/q3/_runtime/v2_n100/n100/v2_n100_q3_cont_r/result.json,outputs/q3/_runtime/v2_n100/n100/v2_n100_q3_cont_r/layout.json,True,437.3565514828834,437.3565514828834,191280.75312500002,179501.0,0.0656250000000001,1.0,0.061583577712610055,11779.753125000017,248106.5,437.3565514828834,True,437.3565514828834,437.3565514828834,191280.75312500002,179501.0,0.0656250000000001,1.0,0.061583577712610055,11779.753125000017,248106.5,437.3565514828834
Q3-CONT-R,1110,b47,152.0,280.0,0,timeout,True,outputs/q3/_runtime/v2_n100/n100/v2_n100_q3_cont_r/result.json,outputs/q3/_runtime/v2_n100/n100/v2_n100_q3_cont_r/layout.json,True,437.3565514828834,437.3565514828834,191280.75312500002,179501.0,0.0656250000000001,1.0,0.061583577712610055,11779.753125000017,248106.5,437.3565514828834,True,437.3565514828834,437.3565514828834,191280.75312500002,179501.0,0.0656250000000001,1.0,0.061583577712610055,11779.753125000017,248106.5,437.3565514828834
Q3-CONT-R,1110,b48,0.0,309.0,0,timeout,True,outputs/q3/_runtime/v2_n100/n100/v2_n100_q3_cont_r/result.json,outputs/q3/_runtime/v2_n100/n100/v2_n100_q3_cont_r/layout.json,True,437.3565514828834,437.3565514828834,191280.75312500002,179501.0,0.0656250000000001,1.0,0.061583577712610055,11779.753125000017,248106.5,437.3565514828834,True,437.3565514828834,437.3565514828834,191280.75312500002,179501.0,0.0656250000000001,1.0,0.061583577712610055,11779.753125000017,248106.5,437.3565514828834
Q3-CONT-R,1110,b49,286.0,111.0,90,timeout,True,outputs/q3/_runtime/v2_n100/n100/v2_n100_q3_cont_r/result.json,outputs/q3/_runtime/v2_n100/n100/v2_n100_q3_cont_r/layout.json,True,437.3565514828834,437.3565514828834,191280.75312500002,179501.0,0.0656250000000001,1.0,0.061583577712610055,11779.753125000017,248106.5,437.3565514828834,True,437.3565514828834,437.3565514828834,191280.75312500002,179501.0,0.0656250000000001,1.0,0.061583577712610055,11779.753125000017,248106.5,437.3565514828834
Q3-CONT-R,1110,b5,129.0,200.0,90,timeout,True,outputs/q3/_runtime/v2_n100/n100/v2_n100_q3_cont_r/result.json,outputs/q3/_runtime/v2_n100/n100/v2_n100_q3_cont_r/layout.json,True,437.3565514828834,437.3565514828834,191280.75312500002,179501.0,0.0656250000000001,1.0,0.061583577712610055,11779.753125000017,248106.5,437.3565514828834,True,437.3565514828834,437.3565514828834,191280.75312500002,179501.0,0.0656250000000001,1.0,0.061583577712610055,11779.753125000017,248106.5,437.3565514828834
Q3-CONT-R,1110,b50,230.0,314.0,0,timeout,True,outputs/q3/_runtime/v2_n100/n100/v2_n100_q3_cont_r/result.json,outputs/q3/_runtime/v2_n100/n100/v2_n100_q3_cont_r/layout.json,True,437.3565514828834,437.3565514828834,191280.75312500002,179501.0,0.0656250000000001,1.0,0.061583577712610055,11779.753125000017,248106.5,437.3565514828834,True,437.3565514828834,437.3565514828834,191280.75312500002,179501.0,0.0656250000000001,1.0,0.061583577712610055,11779.753125000017,248106.5,437.3565514828834
Q3-CONT-R,1110,b51,241.0,240.0,90,timeout,True,outputs/q3/_runtime/v2_n100/n100/v2_n100_q3_cont_r/result.json,outputs/q3/_runtime/v2_n100/n100/v2_n100_q3_cont_r/layout.json,True,437.3565514828834,437.3565514828834,191280.75312500002,179501.0,0.0656250000000001,1.0,0.061583577712610055,11779.753125000017,248106.5,437.3565514828834,True,437.3565514828834,437.3565514828834,191280.75312500002,179501.0,0.0656250000000001,1.0,0.061583577712610055,11779.753125000017,248106.5,437.3565514828834
Q3-CONT-R,1110,b52,98.0,151.0,0,timeout,True,outputs/q3/_runtime/v2_n100/n100/v2_n100_q3_cont_r/result.json,outputs/q3/_runtime/v2_n100/n100/v2_n100_q3_cont_r/layout.json,True,437.3565514828834,437.3565514828834,191280.75312500002,179501.0,0.0656250000000001,1.0,0.061583577712610055,11779.753125000017,248106.5,437.3565514828834,True,437.3565514828834,437.3565514828834,191280.75312500002,179501.0,0.0656250000000001,1.0,0.061583577712610055,11779.753125000017,248106.5,437.3565514828834
Q3-CONT-R,1110,b53,0.0,374.0,0,timeout,True,outputs/q3/_runtime/v2_n100/n100/v2_n100_q3_cont_r/result.json,outputs/q3/_runtime/v2_n100/n100/v2_n100_q3_cont_r/layout.json,True,437.3565514828834,437.3565514828834,191280.75312500002,179501.0,0.0656250000000001,1.0,0.061583577712610055,11779.753125000017,248106.5,437.3565514828834,True,437.3565514828834,437.3565514828834,191280.75312500002,179501.0,0.0656250000000001,1.0,0.061583577712610055,11779.753125000017,248106.5,437.3565514828834
Q3-CONT-R,1110,b54,137.0,388.0,90,timeout,True,outputs/q3/_runtime/v2_n100/n100/v2_n100_q3_cont_r/result.json,outputs/q3/_runtime/v2_n100/n100/v2_n100_q3_cont_r/layout.json,True,437.3565514828834,437.3565514828834,191280.75312500002,179501.0,0.0656250000000001,1.0,0.061583577712610055,11779.753125000017,248106.5,437.3565514828834,True,437.3565514828834,437.3565514828834,191280.75312500002,179501.0,0.0656250000000001,1.0,0.061583577712610055,11779.753125000017,248106.5,437.3565514828834
Q3-CONT-R,1110,b55,217.0,280.0,90,timeout,True,outputs/q3/_runtime/v2_n100/n100/v2_n100_q3_cont_r/result.json,outputs/q3/_runtime/v2_n100/n100/v2_n100_q3_cont_r/layout.json,True,437.3565514828834,437.3565514828834,191280.75312500002,179501.0,0.0656250000000001,1.0,0.061583577712610055,11779.753125000017,248106.5,437.3565514828834,True,437.3565514828834,437.3565514828834,191280.75312500002,179501.0,0.0656250000000001,1.0,0.061583577712610055,11779.753125000017,248106.5,437.3565514828834
Q3-CONT-R,1110,b56,26.0,414.0,90,timeout,True,outputs/q3/_runtime/v2_n100/n100/v2_n100_q3_cont_r/result.json,outputs/q3/_runtime/v2_n100/n100/v2_n100_q3_cont_r/layout.json,True,437.3565514828834,437.3565514828834,191280.75312500002,179501.0,0.0656250000000001,1.0,0.061583577712610055,11779.753125000017,248106.5,437.3565514828834,True,437.3565514828834,437.3565514828834,191280.75312500002,179501.0,0.0656250000000001,1.0,0.061583577712610055,11779.753125000017,248106.5,437.3565514828834
Q3-CONT-R,1110,b57,333.0,344.0,90,timeout,True,outputs/q3/_runtime/v2_n100/n100/v2_n100_q3_cont_r/result.json,outputs/q3/_runtime/v2_n100/n100/v2_n100_q3_cont_r/layout.json,True,437.3565514828834,437.3565514828834,191280.75312500002,179501.0,0.0656250000000001,1.0,0.061583577712610055,11779.753125000017,248106.5,437.3565514828834,True,437.3565514828834,437.3565514828834,191280.75312500002,179501.0,0.0656250000000001,1.0,0.061583577712610055,11779.753125000017,248106.5,437.3565514828834
Q3-CONT-R,1110,b58,67.0,235.0,0,timeout,True,outputs/q3/_runtime/v2_n100/n100/v2_n100_q3_cont_r/result.json,outputs/q3/_runtime/v2_n100/n100/v2_n100_q3_cont_r/layout.json,True,437.3565514828834,437.3565514828834,191280.75312500002,179501.0,0.0656250000000001,1.0,0.061583577712610055,11779.753125000017,248106.5,437.3565514828834,True,437.3565514828834,437.3565514828834,191280.75312500002,179501.0,0.0656250000000001,1.0,0.061583577712610055,11779.753125000017,248106.5,437.3565514828834
Q3-CONT-R,1110,b59,389.0,367.0,90,timeout,True,outputs/q3/_runtime/v2_n100/n100/v2_n100_q3_cont_r/result.json,outputs/q3/_runtime/v2_n100/n100/v2_n100_q3_cont_r/layout.json,True,437.3565514828834,437.3565514828834,191280.75312500002,179501.0,0.0656250000000001,1.0,0.061583577712610055,11779.753125000017,248106.5,437.3565514828834,True,437.3565514828834,437.3565514828834,191280.75312500002,179501.0,0.0656250000000001,1.0,0.061583577712610055,11779.753125000017,248106.5,437.3565514828834
Q3-CONT-R,1110,b6,118.0,313.0,0,timeout,True,outputs/q3/_runtime/v2_n100/n100/v2_n100_q3_cont_r/result.json,outputs/q3/_runtime/v2_n100/n100/v2_n100_q3_cont_r/layout.json,True,437.3565514828834,437.3565514828834,191280.75312500002,179501.0,0.0656250000000001,1.0,0.061583577712610055,11779.753125000017,248106.5,437.3565514828834,True,437.3565514828834,437.3565514828834,191280.75312500002,179501.0,0.0656250000000001,1.0,0.061583577712610055,11779.753125000017,248106.5,437.3565514828834
Q3-CONT-R,1110,b60,101.0,364.0,0,timeout,True,outputs/q3/_runtime/v2_n100/n100/v2_n100_q3_cont_r/result.json,outputs/q3/_runtime/v2_n100/n100/v2_n100_q3_cont_r/layout.json,True,437.3565514828834,437.3565514828834,191280.75312500002,179501.0,0.0656250000000001,1.0,0.061583577712610055,11779.753125000017,248106.5,437.3565514828834,True,437.3565514828834,437.3565514828834,191280.75312500002,179501.0,0.0656250000000001,1.0,0.061583577712610055,11779.753125000017,248106.5,437.3565514828834
Q3-CONT-R,1110,b61,252.0,391.0,0,timeout,True,outputs/q3/_runtime/v2_n100/n100/v2_n100_q3_cont_r/result.json,outputs/q3/_runtime/v2_n100/n100/v2_n100_q3_cont_r/layout.json,True,437.3565514828834,437.3565514828834,191280.75312500002,179501.0,0.0656250000000001,1.0,0.061583577712610055,11779.753125000017,248106.5,437.3565514828834,True,437.3565514828834,437.3565514828834,191280.75312500002,179501.0,0.0656250000000001,1.0,0.061583577712610055,11779.753125000017,248106.5,437.3565514828834
Q3-CONT-R,1110,b62,208.0,366.0,0,timeout,True,outputs/q3/_runtime/v2_n100/n100/v2_n100_q3_cont_r/result.json,outputs/q3/_runtime/v2_n100/n100/v2_n100_q3_cont_r/layout.json,True,437.3565514828834,437.3565514828834,191280.75312500002,179501.0,0.0656250000000001,1.0,0.061583577712610055,11779.753125000017,248106.5,437.3565514828834,True,437.3565514828834,437.3565514828834,191280.75312500002,179501.0,0.0656250000000001,1.0,0.061583577712610055,11779.753125000017,248106.5,437.3565514828834
Q3-CONT-R,1110,b63,342.0,199.0,90,timeout,True,outputs/q3/_runtime/v2_n100/n100/v2_n100_q3_cont_r/result.json,outputs/q3/_runtime/v2_n100/n100/v2_n100_q3_cont_r/layout.json,True,437.3565514828834,437.3565514828834,191280.75312500002,179501.0,0.0656250000000001,1.0,0.061583577712610055,11779.753125000017,248106.5,437.3565514828834,True,437.3565514828834,437.3565514828834,191280.75312500002,179501.0,0.0656250000000001,1.0,0.061583577712610055,11779.753125000017,248106.5,437.3565514828834
Q3-CONT-R,1110,b64,0.0,101.0,0,timeout,True,outputs/q3/_runtime/v2_n100/n100/v2_n100_q3_cont_r/result.json,outputs/q3/_runtime/v2_n100/n100/v2_n100_q3_cont_r/layout.json,True,437.3565514828834,437.3565514828834,191280.75312500002,179501.0,0.0656250000000001,1.0,0.061583577712610055,11779.753125000017,248106.5,437.3565514828834,True,437.3565514828834,437.3565514828834,191280.75312500002,179501.0,0.0656250000000001,1.0,0.061583577712610055,11779.753125000017,248106.5,437.3565514828834
Q3-CONT-R,1110,b65,62.0,0.0,90,timeout,True,outputs/q3/_runtime/v2_n100/n100/v2_n100_q3_cont_r/result.json,outputs/q3/_runtime/v2_n100/n100/v2_n100_q3_cont_r/layout.json,True,437.3565514828834,437.3565514828834,191280.75312500002,179501.0,0.0656250000000001,1.0,0.061583577712610055,11779.753125000017,248106.5,437.3565514828834,True,437.3565514828834,437.3565514828834,191280.75312500002,179501.0,0.0656250000000001,1.0,0.061583577712610055,11779.753125000017,248106.5,437.3565514828834
Q3-CONT-R,1110,b66,118.0,0.0,0,timeout,True,outputs/q3/_runtime/v2_n100/n100/v2_n100_q3_cont_r/result.json,outputs/q3/_runtime/v2_n100/n100/v2_n100_q3_cont_r/layout.json,True,437.3565514828834,437.3565514828834,191280.75312500002,179501.0,0.0656250000000001,1.0,0.061583577712610055,11779.753125000017,248106.5,437.3565514828834,True,437.3565514828834,437.3565514828834,191280.75312500002,179501.0,0.0656250000000001,1.0,0.061583577712610055,11779.753125000017,248106.5,437.3565514828834
Q3-CONT-R,1110,b67,298.0,201.0,0,timeout,True,outputs/q3/_runtime/v2_n100/n100/v2_n100_q3_cont_r/result.json,outputs/q3/_runtime/v2_n100/n100/v2_n100_q3_cont_r/layout.json,True,437.3565514828834,437.3565514828834,191280.75312500002,179501.0,0.0656250000000001,1.0,0.061583577712610055,11779.753125000017,248106.5,437.3565514828834,True,437.3565514828834,437.3565514828834,191280.75312500002,179501.0,0.0656250000000001,1.0,0.061583577712610055,11779.753125000017,248106.5,437.3565514828834
Q3-CONT-R,1110,b68,295.0,59.0,90,timeout,True,outputs/q3/_runtime/v2_n100/n100/v2_n100_q3_cont_r/result.json,outputs/q3/_runtime/v2_n100/n100/v2_n100_q3_cont_r/layout.json,True,437.3565514828834,437.3565514828834,191280.75312500002,179501.0,0.0656250000000001,1.0,0.061583577712610055,11779.753125000017,248106.5,437.3565514828834,True,437.3565514828834,437.3565514828834,191280.75312500002,179501.0,0.0656250000000001,1.0,0.061583577712610055,11779.753125000017,248106.5,437.3565514828834
Q3-CONT-R,1110,b69,27.0,340.0,0,timeout,True,outputs/q3/_runtime/v2_n100/n100/v2_n100_q3_cont_r/result.json,outputs/q3/_runtime/v2_n100/n100/v2_n100_q3_cont_r/layout.json,True,437.3565514828834,437.3565514828834,191280.75312500002,179501.0,0.0656250000000001,1.0,0.061583577712610055,11779.753125000017,248106.5,437.3565514828834,True,437.3565514828834,437.3565514828834,191280.75312500002,179501.0,0.0656250000000001,1.0,0.061583577712610055,11779.753125000017,248106.5,437.3565514828834
Q3-CONT-R,1110,b7,147.0,406.0,90,timeout,True,outputs/q3/_runtime/v2_n100/n100/v2_n100_q3_cont_r/result.json,outputs/q3/_runtime/v2_n100/n100/v2_n100_q3_cont_r/layout.json,True,437.3565514828834,437.3565514828834,191280.75312500002,179501.0,0.0656250000000001,1.0,0.061583577712610055,11779.753125000017,248106.5,437.3565514828834,True,437.3565514828834,437.3565514828834,191280.75312500002,179501.0,0.0656250000000001,1.0,0.061583577712610055,11779.753125000017,248106.5,437.3565514828834
Q3-CONT-R,1110,b70,152.0,158.0,90,timeout,True,outputs/q3/_runtime/v2_n100/n100/v2_n100_q3_cont_r/result.json,outputs/q3/_runtime/v2_n100/n100/v2_n100_q3_cont_r/layout.json,True,437.3565514828834,437.3565514828834,191280.75312500002,179501.0,0.0656250000000001,1.0,0.061583577712610055,11779.753125000017,248106.5,437.3565514828834,True,437.3565514828834,437.3565514828834,191280.75312500002,179501.0,0.0656250000000001,1.0,0.061583577712610055,11779.753125000017,248106.5,437.3565514828834
Q3-CONT-R,1110,b71,303.0,369.0,0,timeout,True,outputs/q3/_runtime/v2_n100/n100/v2_n100_q3_cont_r/result.json,outputs/q3/_runtime/v2_n100/n100/v2_n100_q3_cont_r/layout.json,True,437.3565514828834,437.3565514828834,191280.75312500002,179501.0,0.0656250000000001,1.0,0.061583577712610055,11779.753125000017,248106.5,437.3565514828834,True,437.3565514828834,437.3565514828834,191280.75312500002,179501.0,0.0656250000000001,1.0,0.061583577712610055,11779.753125000017,248106.5,437.3565514828834
Q3-CONT-R,1110,b72,185.0,0.0,0,timeout,True,outputs/q3/_runtime/v2_n100/n100/v2_n100_q3_cont_r/result.json,outputs/q3/_runtime/v2_n100/n100/v2_n100_q3_cont_r/layout.json,True,437.3565514828834,437.3565514828834,191280.75312500002,179501.0,0.0656250000000001,1.0,0.061583577712610055,11779.753125000017,248106.5,437.3565514828834,True,437.3565514828834,437.3565514828834,191280.75312500002,179501.0,0.0656250000000001,1.0,0.061583577712610055,11779.753125000017,248106.5,437.3565514828834
Q3-CONT-R,1110,b73,364.0,0.0,90,timeout,True,outputs/q3/_runtime/v2_n100/n100/v2_n100_q3_cont_r/result.json,outputs/q3/_runtime/v2_n100/n100/v2_n100_q3_cont_r/layout.json,True,437.3565514828834,437.3565514828834,191280.75312500002,179501.0,0.0656250000000001,1.0,0.061583577712610055,11779.753125000017,248106.5,437.3565514828834,True,437.3565514828834,437.3565514828834,191280.75312500002,179501.0,0.0656250000000001,1.0,0.061583577712610055,11779.753125000017,248106.5,437.3565514828834
Q3-CONT-R,1110,b74,0.0,148.0,0,timeout,True,outputs/q3/_runtime/v2_n100/n100/v2_n100_q3_cont_r/result.json,outputs/q3/_runtime/v2_n100/n100/v2_n100_q3_cont_r/layout.json,True,437.3565514828834,437.3565514828834,191280.75312500002,179501.0,0.0656250000000001,1.0,0.061583577712610055,11779.753125000017,248106.5,437.3565514828834,True,437.3565514828834,437.3565514828834,191280.75312500002,179501.0,0.0656250000000001,1.0,0.061583577712610055,11779.753125000017,248106.5,437.3565514828834
Q3-CONT-R,1110,b75,389.0,417.0,90,timeout,True,outputs/q3/_runtime/v2_n100/n100/v2_n100_q3_cont_r/result.json,outputs/q3/_runtime/v2_n100/n100/v2_n100_q3_cont_r/layout.json,True,437.3565514828834,437.3565514828834,191280.75312500002,179501.0,0.0656250000000001,1.0,0.061583577712610055,11779.753125000017,248106.5,437.3565514828834,True,437.3565514828834,437.3565514828834,191280.75312500002,179501.0,0.0656250000000001,1.0,0.061583577712610055,11779.753125000017,248106.5,437.3565514828834
Q3-CONT-R,1110,b76,367.0,367.0,0,timeout,True,outputs/q3/_runtime/v2_n100/n100/v2_n100_q3_cont_r/result.json,outputs/q3/_runtime/v2_n100/n100/v2_n100_q3_cont_r/layout.json,True,437.3565514828834,437.3565514828834,191280.75312500002,179501.0,0.0656250000000001,1.0,0.061583577712610055,11779.753125000017,248106.5,437.3565514828834,True,437.3565514828834,437.3565514828834,191280.75312500002,179501.0,0.0656250000000001,1.0,0.061583577712610055,11779.753125000017,248106.5,437.3565514828834
Q3-CONT-R,1110,b77,246.0,0.0,0,timeout,True,outputs/q3/_runtime/v2_n100/n100/v2_n100_q3_cont_r/result.json,outputs/q3/_runtime/v2_n100/n100/v2_n100_q3_cont_r/layout.json,True,437.3565514828834,437.3565514828834,191280.75312500002,179501.0,0.0656250000000001,1.0,0.061583577712610055,11779.753125000017,248106.5,437.3565514828834,True,437.3565514828834,437.3565514828834,191280.75312500002,179501.0,0.0656250000000001,1.0,0.061583577712610055,11779.753125000017,248106.5,437.3565514828834
Q3-CONT-R,1110,b78,383.0,271.0,0,timeout,True,outputs/q3/_runtime/v2_n100/n100/v2_n100_q3_cont_r/result.json,outputs/q3/_runtime/v2_n100/n100/v2_n100_q3_cont_r/layout.json,True,437.3565514828834,437.3565514828834,191280.75312500002,179501.0,0.0656250000000001,1.0,0.061583577712610055,11779.753125000017,248106.5,437.3565514828834,True,437.3565514828834,437.3565514828834,191280.75312500002,179501.0,0.0656250000000001,1.0,0.061583577712610055,11779.753125000017,248106.5,437.3565514828834
Q3-CONT-R,1110,b79,38.0,151.0,0,timeout,True,outputs/q3/_runtime/v2_n100/n100/v2_n100_q3_cont_r/result.json,outputs/q3/_runtime/v2_n100/n100/v2_n100_q3_cont_r/layout.json,True,437.3565514828834,437.3565514828834,191280.75312500002,179501.0,0.0656250000000001,1.0,0.061583577712610055,11779.753125000017,248106.5,437.3565514828834,True,437.3565514828834,437.3565514828834,191280.75312500002,179501.0,0.0656250000000001,1.0,0.061583577712610055,11779.753125000017,248106.5,437.3565514828834
Q3-CONT-R,1110,b8,103.0,61.0,90,timeout,True,outputs/q3/_runtime/v2_n100/n100/v2_n100_q3_cont_r/result.json,outputs/q3/_runtime/v2_n100/n100/v2_n100_q3_cont_r/layout.json,True,437.3565514828834,437.3565514828834,191280.75312500002,179501.0,0.0656250000000001,1.0,0.061583577712610055,11779.753125000017,248106.5,437.3565514828834,True,437.3565514828834,437.3565514828834,191280.75312500002,179501.0,0.0656250000000001,1.0,0.061583577712610055,11779.753125000017,248106.5,437.3565514828834
Q3-CONT-R,1110,b80,89.0,412.0,90,timeout,True,outputs/q3/_runtime/v2_n100/n100/v2_n100_q3_cont_r/result.json,outputs/q3/_runtime/v2_n100/n100/v2_n100_q3_cont_r/layout.json,True,437.3565514828834,437.3565514828834,191280.75312500002,179501.0,0.0656250000000001,1.0,0.061583577712610055,11779.753125000017,248106.5,437.3565514828834,True,437.3565514828834,437.3565514828834,191280.75312500002,179501.0,0.0656250000000001,1.0,0.061583577712610055,11779.753125000017,248106.5,437.3565514828834
Q3-CONT-R,1110,b81,102.0,272.0,90,timeout,True,outputs/q3/_runtime/v2_n100/n100/v2_n100_q3_cont_r/result.json,outputs/q3/_runtime/v2_n100/n100/v2_n100_q3_cont_r/layout.json,True,437.3565514828834,437.3565514828834,191280.75312500002,179501.0,0.0656250000000001,1.0,0.061583577712610055,11779.753125000017,248106.5,437.3565514828834,True,437.3565514828834,437.3565514828834,191280.75312500002,179501.0,0.0656250000000001,1.0,0.061583577712610055,11779.753125000017,248106.5,437.3565514828834
Q3-CONT-R,1110,b82,163.0,111.0,90,timeout,True,outputs/q3/_runtime/v2_n100/n100/v2_n100_q3_cont_r/result.json,outputs/q3/_runtime/v2_n100/n100/v2_n100_q3_cont_r/layout.json,True,437.3565514828834,437.3565514828834,191280.75312500002,179501.0,0.0656250000000001,1.0,0.061583577712610055,11779.753125000017,248106.5,437.3565514828834,True,437.3565514828834,437.3565514828834,191280.75312500002,179501.0,0.0656250000000001,1.0,0.061583577712610055,11779.753125000017,248106.5,437.3565514828834
Q3-CONT-R,1110,b83,169.0,243.0,90,timeout,True,outputs/q3/_runtime/v2_n100/n100/v2_n100_q3_cont_r/result.json,outputs/q3/_runtime/v2_n100/n100/v2_n100_q3_cont_r/layout.json,True,437.3565514828834,437.3565514828834,191280.75312500002,179501.0,0.0656250000000001,1.0,0.061583577712610055,11779.753125000017,248106.5,437.3565514828834,True,437.3565514828834,437.3565514828834,191280.75312500002,179501.0,0.0656250000000001,1.0,0.061583577712610055,11779.753125000017,248106.5,437.3565514828834
Q3-CONT-R,1110,b84,249.0,415.0,0,timeout,True,outputs/q3/_runtime/v2_n100/n100/v2_n100_q3_cont_r/result.json,outputs/q3/_runtime/v2_n100/n100/v2_n100_q3_cont_r/layout.json,True,437.3565514828834,437.3565514828834,191280.75312500002,179501.0,0.0656250000000001,1.0,0.061583577712610055,11779.753125000017,248106.5,437.3565514828834,True,437.3565514828834,437.3565514828834,191280.75312500002,179501.0,0.0656250000000001,1.0,0.061583577712610055,11779.753125000017,248106.5,437.3565514828834
Q3-CONT-R,1110,b85,363.0,238.0,90,timeout,True,outputs/q3/_runtime/v2_n100/n100/v2_n100_q3_cont_r/result.json,outputs/q3/_runtime/v2_n100/n100/v2_n100_q3_cont_r/layout.json,True,437.3565514828834,437.3565514828834,191280.75312500002,179501.0,0.0656250000000001,1.0,0.061583577712610055,11779.753125000017,248106.5,437.3565514828834,True,437.3565514828834,437.3565514828834,191280.75312500002,179501.0,0.0656250000000001,1.0,0.061583577712610055,11779.753125000017,248106.5,437.3565514828834
Q3-CONT-R,1110,b86,185.0,243.0,0,timeout,True,outputs/q3/_runtime/v2_n100/n100/v2_n100_q3_cont_r/result.json,outputs/q3/_runtime/v2_n100/n100/v2_n100_q3_cont_r/layout.json,True,437.3565514828834,437.3565514828834,191280.75312500002,179501.0,0.0656250000000001,1.0,0.061583577712610055,11779.753125000017,248106.5,437.3565514828834,True,437.3565514828834,437.3565514828834,191280.75312500002,179501.0,0.0656250000000001,1.0,0.061583577712610055,11779.753125000017,248106.5,437.3565514828834
Q3-CONT-R,1110,b87,85.0,196.0,90,timeout,True,outputs/q3/_runtime/v2_n100/n100/v2_n100_q3_cont_r/result.json,outputs/q3/_runtime/v2_n100/n100/v2_n100_q3_cont_r/layout.json,True,437.3565514828834,437.3565514828834,191280.75312500002,179501.0,0.0656250000000001,1.0,0.061583577712610055,11779.753125000017,248106.5,437.3565514828834,True,437.3565514828834,437.3565514828834,191280.75312500002,179501.0,0.0656250000000001,1.0,0.061583577712610055,11779.753125000017,248106.5,437.3565514828834
Q3-CONT-R,1110,b88,61.0,192.0,90,timeout,True,outputs/q3/_runtime/v2_n100/n100/v2_n100_q3_cont_r/result.json,outputs/q3/_runtime/v2_n100/n100/v2_n100_q3_cont_r/layout.json,True,437.3565514828834,437.3565514828834,191280.75312500002,179501.0,0.0656250000000001,1.0,0.061583577712610055,11779.753125000017,248106.5,437.3565514828834,True,437.3565514828834,437.3565514828834,191280.75312500002,179501.0,0.0656250000000001,1.0,0.061583577712610055,11779.753125000017,248106.5,437.3565514828834
Q3-CONT-R,1110,b89,0.0,336.0,90,timeout,True,outputs/q3/_runtime/v2_n100/n100/v2_n100_q3_cont_r/result.json,outputs/q3/_runtime/v2_n100/n100/v2_n100_q3_cont_r/layout.json,True,437.3565514828834,437.3565514828834,191280.75312500002,179501.0,0.0656250000000001,1.0,0.061583577712610055,11779.753125000017,248106.5,437.3565514828834,True,437.3565514828834,437.3565514828834,191280.75312500002,179501.0,0.0656250000000001,1.0,0.061583577712610055,11779.753125000017,248106.5,437.3565514828834
Q3-CONT-R,1110,b9,52.0,396.0,90,timeout,True,outputs/q3/_runtime/v2_n100/n100/v2_n100_q3_cont_r/result.json,outputs/q3/_runtime/v2_n100/n100/v2_n100_q3_cont_r/layout.json,True,437.3565514828834,437.3565514828834,191280.75312500002,179501.0,0.0656250000000001,1.0,0.061583577712610055,11779.753125000017,248106.5,437.3565514828834,True,437.3565514828834,437.3565514828834,191280.75312500002,179501.0,0.0656250000000001,1.0,0.061583577712610055,11779.753125000017,248106.5,437.3565514828834
Q3-CONT-R,1110,b90,388.0,238.0,0,timeout,True,outputs/q3/_runtime/v2_n100/n100/v2_n100_q3_cont_r/result.json,outputs/q3/_runtime/v2_n100/n100/v2_n100_q3_cont_r/layout.json,True,437.3565514828834,437.3565514828834,191280.75312500002,179501.0,0.0656250000000001,1.0,0.061583577712610055,11779.753125000017,248106.5,437.3565514828834,True,437.3565514828834,437.3565514828834,191280.75312500002,179501.0,0.0656250000000001,1.0,0.061583577712610055,11779.753125000017,248106.5,437.3565514828834
Q3-CONT-R,1110,b91,113.0,239.0,0,timeout,True,outputs/q3/_runtime/v2_n100/n100/v2_n100_q3_cont_r/result.json,outputs/q3/_runtime/v2_n100/n100/v2_n100_q3_cont_r/layout.json,True,437.3565514828834,437.3565514828834,191280.75312500002,179501.0,0.0656250000000001,1.0,0.061583577712610055,11779.753125000017,248106.5,437.3565514828834,True,437.3565514828834,437.3565514828834,191280.75312500002,179501.0,0.0656250000000001,1.0,0.061583577712610055,11779.753125000017,248106.5,437.3565514828834
Q3-CONT-R,1110,b92,0.0,414.0,0,timeout,True,outputs/q3/_runtime/v2_n100/n100/v2_n100_q3_cont_r/result.json,outputs/q3/_runtime/v2_n100/n100/v2_n100_q3_cont_r/layout.json,True,437.3565514828834,437.3565514828834,191280.75312500002,179501.0,0.0656250000000001,1.0,0.061583577712610055,11779.753125000017,248106.5,437.3565514828834,True,437.3565514828834,437.3565514828834,191280.75312500002,179501.0,0.0656250000000001,1.0,0.061583577712610055,11779.753125000017,248106.5,437.3565514828834
Q3-CONT-R,1110,b93,273.0,278.0,0,timeout,True,outputs/q3/_runtime/v2_n100/n100/v2_n100_q3_cont_r/result.json,outputs/q3/_runtime/v2_n100/n100/v2_n100_q3_cont_r/layout.json,True,437.3565514828834,437.3565514828834,191280.75312500002,179501.0,0.0656250000000001,1.0,0.061583577712610055,11779.753125000017,248106.5,437.3565514828834,True,437.3565514828834,437.3565514828834,191280.75312500002,179501.0,0.0656250000000001,1.0,0.061583577712610055,11779.753125000017,248106.5,437.3565514828834
Q3-CONT-R,1110,b94,194.0,158.0,90,timeout,True,outputs/q3/_runtime/v2_n100/n100/v2_n100_q3_cont_r/result.json,outputs/q3/_runtime/v2_n100/n100/v2_n100_q3_cont_r/layout.json,True,437.3565514828834,437.3565514828834,191280.75312500002,179501.0,0.0656250000000001,1.0,0.061583577712610055,11779.753125000017,248106.5,437.3565514828834,True,437.3565514828834,437.3565514828834,191280.75312500002,179501.0,0.0656250000000001,1.0,0.061583577712610055,11779.753125000017,248106.5,437.3565514828834
Q3-CONT-R,1110,b95,415.0,61.0,90,timeout,True,outputs/q3/_runtime/v2_n100/n100/v2_n100_q3_cont_r/result.json,outputs/q3/_runtime/v2_n100/n100/v2_n100_q3_cont_r/layout.json,True,437.3565514828834,437.3565514828834,191280.75312500002,179501.0,0.0656250000000001,1.0,0.061583577712610055,11779.753125000017,248106.5,437.3565514828834,True,437.3565514828834,437.3565514828834,191280.75312500002,179501.0,0.0656250000000001,1.0,0.061583577712610055,11779.753125000017,248106.5,437.3565514828834
Q3-CONT-R,1110,b96,371.0,159.0,90,timeout,True,outputs/q3/_runtime/v2_n100/n100/v2_n100_q3_cont_r/result.json,outputs/q3/_runtime/v2_n100/n100/v2_n100_q3_cont_r/layout.json,True,437.3565514828834,437.3565514828834,191280.75312500002,179501.0,0.0656250000000001,1.0,0.061583577712610055,11779.753125000017,248106.5,437.3565514828834,True,437.3565514828834,437.3565514828834,191280.75312500002,179501.0,0.0656250000000001,1.0,0.061583577712610055,11779.753125000017,248106.5,437.3565514828834
Q3-CONT-R,1110,b97,141.0,371.0,90,timeout,True,outputs/q3/_runtime/v2_n100/n100/v2_n100_q3_cont_r/result.json,outputs/q3/_runtime/v2_n100/n100/v2_n100_q3_cont_r/layout.json,True,437.3565514828834,437.3565514828834,191280.75312500002,179501.0,0.0656250000000001,1.0,0.061583577712610055,11779.753125000017,248106.5,437.3565514828834,True,437.3565514828834,437.3565514828834,191280.75312500002,179501.0,0.0656250000000001,1.0,0.061583577712610055,11779.753125000017,248106.5,437.3565514828834
Q3-CONT-R,1110,b98,187.0,415.0,90,timeout,True,outputs/q3/_runtime/v2_n100/n100/v2_n100_q3_cont_r/result.json,outputs/q3/_runtime/v2_n100/n100/v2_n100_q3_cont_r/layout.json,True,437.3565514828834,437.3565514828834,191280.75312500002,179501.0,0.0656250000000001,1.0,0.061583577712610055,11779.753125000017,248106.5,437.3565514828834,True,437.3565514828834,437.3565514828834,191280.75312500002,179501.0,0.0656250000000001,1.0,0.061583577712610055,11779.753125000017,248106.5,437.3565514828834
Q3-CONT-R,1110,b99,229.0,61.0,90,timeout,True,outputs/q3/_runtime/v2_n100/n100/v2_n100_q3_cont_r/result.json,outputs/q3/_runtime/v2_n100/n100/v2_n100_q3_cont_r/layout.json,True,437.3565514828834,437.3565514828834,191280.75312500002,179501.0,0.0656250000000001,1.0,0.061583577712610055,11779.753125000017,248106.5,437.3565514828834,True,437.3565514828834,437.3565514828834,191280.75312500002,179501.0,0.0656250000000001,1.0,0.061583577712610055,11779.753125000017,248106.5,437.3565514828834
